run_id,arm,task,dataset,version,split,attempted,model,seed,n_train,n_test,n_features,duplicates_removed,fit_seconds,macro_f1,weighted_f1,balanced_acc,mcc,accuracy,attack_recall,attack_precision,benign_fpr
55ad24ba4d81,A,multiclass,2017,original,random_70_30,as_attack,logreg,11,1966706,842874,72,18296,580.4,0.6313037266276145,0.9714893300090377,0.598348444424076,0.9177955497130904,0.9719590353955633,,,
81a0e7516e92,A,multiclass,2017,original,random_70_30,as_attack,logreg,23,1966706,842874,72,18296,541.7,0.6844212519029814,0.971043452796285,0.6754238227511471,0.9166649361916372,0.9715532807987908,,,
7198a1c5a8c6,A,multiclass,2017,original,random_70_30,as_attack,logreg,37,1966706,842874,72,18296,404.2,0.6708829186436313,0.9700534859564252,0.6575958943846395,0.9137633898788057,0.9706314348289306,,,
ff0393f3dcff,A,multiclass,2017,original,random_70_30,as_attack,logreg,51,1966706,842874,72,18296,625.8,0.6730908647610903,0.971248360697683,0.6520135893017138,0.9171493832825495,0.9717549716802274,,,
d2eff561b7af,A,multiclass,2017,original,random_70_30,as_attack,logreg,73,1966706,842874,72,18296,447.0,0.6759733301892727,0.9700020544746514,0.6672641211627852,0.9135439956400007,0.9705685547306003,,,
42d496f1a740,A,multiclass,2017,original,random_70_30,as_attack,random_forest,11,1966706,842874,72,18296,149.9,0.9214909541357446,0.9995730979506149,0.882791522150349,0.9987497283138684,0.9995752627320335,,,
c9378a773f7b,A,multiclass,2017,original,random_70_30,as_attack,random_forest,23,1966706,842874,72,18296,151.3,0.9799325103055586,0.9995520267392662,0.9662239140759173,0.9986833604254075,0.9995527208099906,,,
202d6ffe44f2,A,multiclass,2017,original,random_70_30,as_attack,random_forest,37,1966706,842874,72,18296,162.5,0.9632171309446823,0.9995549121169237,0.9369577761915622,0.9986939260652982,0.9995562800608394,,,
d1e1b608de99,A,multiclass,2017,original,random_70_30,as_attack,random_forest,51,1966706,842874,72,18296,164.0,0.9704645791863482,0.9995650492041359,0.9539372783981638,0.998721911977712,0.9995657713964364,,,
6f6c5313e3f6,A,multiclass,2017,original,random_70_30,as_attack,random_forest,73,1966706,842874,72,18296,161.3,0.9853796133374532,0.9995730636996635,0.9748324423996544,0.9987462826064435,0.9995740763150839,,,
9f4864be6fb9,A,multiclass,2017,original,random_70_30,as_attack,xgboost,11,1966706,842874,72,18296,179.8,0.8253321372142564,0.9992551542847103,0.8904966055842282,0.997815003630398,0.9992573029895334,,,
591d56c79692,A,multiclass,2017,original,random_70_30,as_attack,xgboost,23,1966706,842874,72,18296,178.3,0.9240270395711039,0.9996326027424545,0.9429083165613557,0.9989177869039543,0.9996322107456156,,,
448afbd5c4a5,A,multiclass,2017,original,random_70_30,as_attack,xgboost,37,1966706,842874,72,18296,183.7,0.7023708872596716,0.9958704357170766,0.6980490628228329,0.9877419637794157,0.9958333036729096,,,
c689b566c1bd,A,multiclass,2017,original,random_70_30,as_attack,xgboost,51,1966706,842874,72,18296,164.8,0.9193679882120526,0.9994926952923987,0.967398399725699,0.9985026697633539,0.9994910271286099,,,
5cda2a1e616b,A,multiclass,2017,original,random_70_30,as_attack,xgboost,73,1966706,842874,72,18296,174.8,0.8908419241438426,0.9993925839575255,0.922958895209747,0.9982092382763676,0.9993913681048413,,,
fed6b8f53d82,A,multiclass,2017,original,day_ordered,as_attack,logreg,11,1651932,866647,72,18296,241.2,0.32987426736275466,0.9896228020882638,0.9794587646411976,0.0,0.9794587646411976,,,
ac6363ac2d6f,A,multiclass,2017,original,day_ordered,as_attack,logreg,23,1651932,866647,72,18296,241.5,0.32987426736275466,0.9896228020882638,0.9794587646411976,0.0,0.9794587646411976,,,
f83bfca5a8e9,A,multiclass,2017,original,day_ordered,as_attack,logreg,37,1651932,866647,72,18296,240.9,0.32987426736275466,0.9896228020882638,0.9794587646411976,0.0,0.9794587646411976,,,
5f176506b8b3,A,multiclass,2017,original,day_ordered,as_attack,logreg,51,1651932,866647,72,18296,241.9,0.32987426736275466,0.9896228020882638,0.9794587646411976,0.0,0.9794587646411976,,,
88c89b200746,A,multiclass,2017,original,day_ordered,as_attack,logreg,73,1651932,866647,72,18296,241.9,0.32987426736275466,0.9896228020882638,0.9794587646411976,0.0,0.9794587646411976,,,
b1e62c34bff1,A,multiclass,2017,original,day_ordered,as_attack,random_forest,11,1651932,866647,72,18296,109.6,0.33329198111184394,0.9998759433355318,0.9997519174473575,0.0,0.9997519174473575,,,
4461b84443dd,A,multiclass,2017,original,day_ordered,as_attack,random_forest,23,1651932,866647,72,18296,108.7,0.49993306644540125,0.9998661328908025,0.9997323016176136,0.0,0.9997323016176136,,,
39c6cfe142c3,A,multiclass,2017,original,day_ordered,as_attack,random_forest,37,1651932,866647,72,18296,114.9,0.3332910193101968,0.9998730579305903,0.9997461480856681,0.0,0.9997461480856681,,,
c312d0d0059a,A,multiclass,2017,original,day_ordered,as_attack,random_forest,51,1651932,866647,72,18296,107.4,0.33329198111184394,0.9998759433355318,0.9997519174473575,0.0,0.9997519174473575,,,
4c7b479d4f6f,A,multiclass,2017,original,day_ordered,as_attack,random_forest,73,1651932,866647,72,18296,113.8,0.33329198111184394,0.9998759433355318,0.9997519174473575,0.0,0.9997519174473575,,,
0ceef7a64485,A,multiclass,2017,original,day_ordered,as_attack,xgboost,11,1651932,866647,72,18296,59.2,0.3332473476692787,0.9997420430078362,0.9994842190649711,0.0,0.9994842190649711,,,
dc75818f9559,A,multiclass,2017,original,day_ordered,as_attack,xgboost,23,1651932,866647,72,18296,59.4,0.3332473476692787,0.9997420430078362,0.9994842190649711,0.0,0.9994842190649711,,,
a9b9491735a5,A,multiclass,2017,original,day_ordered,as_attack,xgboost,37,1651932,866647,72,18296,74.5,0.3332473476692787,0.9997420430078362,0.9994842190649711,0.0,0.9994842190649711,,,
93c95257b381,A,multiclass,2017,original,day_ordered,as_attack,xgboost,51,1651932,866647,72,18296,60.0,0.3332473476692787,0.9997420430078362,0.9994842190649711,0.0,0.9994842190649711,,,
786ec574ec16,A,multiclass,2017,original,day_ordered,as_attack,xgboost,73,1651932,866647,72,18296,59.6,0.3332473476692787,0.9997420430078362,0.9994842190649711,0.0,0.9994842190649711,,,
e0a284926a46,A,multiclass,2017,improved,random_70_30,as_attack,logreg,11,1469977,629991,85,3,210.9,0.7922584721943161,0.9903706412777419,0.8311630845039222,0.9777684142514481,0.9907443122203333,,,
5d989274c189,A,multiclass,2017,improved,random_70_30,as_attack,logreg,23,1469977,629991,85,3,199.2,0.8160459964318233,0.9905474888633228,0.8097261343973433,0.9782155578322719,0.9909316164834101,,,
48c5b6e71959,A,multiclass,2017,improved,random_70_30,as_attack,logreg,37,1469977,629991,85,3,214.3,0.7810992108586182,0.990621251758201,0.8294553180227701,0.9784089991905026,0.9910125700208415,,,
826c48527727,A,multiclass,2017,improved,random_70_30,as_attack,logreg,51,1469977,629991,85,3,230.8,0.7852151987457464,0.9905768648655252,0.7798721673991129,0.9781989534380149,0.9909252671863567,,,
be93891c6da3,A,multiclass,2017,improved,random_70_30,as_attack,logreg,73,1469977,629991,85,3,247.3,0.7848132992030092,0.9906930466956058,0.7616914583513311,0.978432022298228,0.9910205066421583,,,
8cee2fb17fd6,A,multiclass,2017,improved,random_70_30,as_attack,random_forest,11,1469977,629991,85,3,142.0,0.9950006219445421,0.9985576990355008,0.9933562272648623,0.9965388084477652,0.9985602968931302,,,
2a75fdb35653,A,multiclass,2017,improved,random_70_30,as_attack,random_forest,23,1469977,629991,85,3,137.2,0.9951997546304343,0.9985579806596159,0.9942154142859041,0.9965390110273489,0.9985602968931302,,,
11154a0978a4,A,multiclass,2017,improved,random_70_30,as_attack,random_forest,37,1469977,629991,85,3,139.7,0.9956268387205743,0.9985595251781731,0.9944399138328569,0.9965423788643736,0.9985618842173936,,,
6829fba76725,A,multiclass,2017,improved,random_70_30,as_attack,random_forest,51,1469977,629991,85,3,137.4,0.9954126213520497,0.9985576291099367,0.9942902825329377,0.9965389165563695,0.9985602968931302,,,
1fbbdf018766,A,multiclass,2017,improved,random_70_30,as_attack,random_forest,73,1469977,629991,85,3,139.1,0.9952532386780055,0.9984955046338743,0.9937340412798259,0.9963897917379155,0.9984983912468591,,,
c196bef6a14a,A,multiclass,2017,improved,random_70_30,as_attack,xgboost,11,1469977,629991,85,3,127.3,0.974781003765041,0.9995313664595622,0.9585819297472784,0.9988742314920256,0.9995317393423081,,,
1ff5802d31bc,A,multiclass,2017,improved,random_70_30,as_attack,xgboost,23,1469977,629991,85,3,128.0,0.97012494250232,0.9994392517205588,0.953421155989636,0.998652940703181,0.999439674535033,,,
4262dd39a1dd,A,multiclass,2017,improved,random_70_30,as_attack,xgboost,37,1469977,629991,85,3,129.4,0.9981504723005339,0.999471323238937,0.9978830934421951,0.9987291284320066,0.9994714210203003,,,
5360e07d76de,A,multiclass,2017,improved,random_70_30,as_attack,xgboost,51,1469977,629991,85,3,126.7,0.9602260981942402,0.9994804136533219,0.9408789766171526,0.9987520876396876,0.9994809449658805,,,
455669921300,A,multiclass,2017,improved,random_70_30,as_attack,xgboost,73,1469977,629991,85,3,126.6,0.9974514683866845,0.9994680744877905,0.9968352286173475,0.9987214945634669,0.9994682463717736,,,
ca87854478fa,A,multiclass,2017,improved,random_70_30,as_benign,logreg,11,1469977,629991,85,3,229.3,0.94593350160954,0.9929720513953475,0.9401800184007202,0.98286328869943,0.992976090134621,,,
0a6bfb3d6851,A,multiclass,2017,improved,random_70_30,as_benign,logreg,23,1469977,629991,85,3,212.2,0.8919377546689601,0.9927869747054086,0.9394765487802909,0.9824072210301521,0.9927903731958075,,,
869d3e969e6e,A,multiclass,2017,improved,random_70_30,as_benign,logreg,37,1469977,629991,85,3,212.4,0.9619801370137012,0.9929819561354317,0.9468882693746357,0.9828917532829179,0.9929903760529912,,,
764ae18ffd09,A,multiclass,2017,improved,random_70_30,as_benign,logreg,51,1469977,629991,85,3,235.7,0.9231683155555304,0.9931085693935339,0.947466300219021,0.9831879015017957,0.9931110126970067,,,
03014b187450,A,multiclass,2017,improved,random_70_30,as_benign,logreg,73,1469977,629991,85,3,211.3,0.8968503518261007,0.9928295003565205,0.865153193413843,0.9825202945521894,0.9928379929237084,,,
8102b45cbdf0,A,multiclass,2017,improved,random_70_30,as_benign,random_forest,11,1469977,629991,85,3,142.1,0.9798567557505246,0.9986311809308666,0.9668523435011136,0.9966524765785225,0.9986349011335083,,,
e228217a1665,A,multiclass,2017,improved,random_70_30,as_benign,random_forest,23,1469977,629991,85,3,142.3,0.9908080869116712,0.9985630069160338,0.9852516819466923,0.9964811234992035,0.9985650588659203,,,
1a00d8ee6a4b,A,multiclass,2017,improved,random_70_30,as_benign,random_forest,37,1469977,629991,85,3,142.3,0.9921141061471782,0.9985936502794753,0.9873792943292649,0.9965595332432916,0.9985968053511876,,,
b8c36ea8c46b,A,multiclass,2017,improved,random_70_30,as_benign,random_forest,51,1469977,629991,85,3,145.8,0.9714425688638022,0.9985941680031724,0.9512496487219371,0.9965589265711022,0.9985968053511876,,,
e3e3d87e35dc,A,multiclass,2017,improved,random_70_30,as_benign,random_forest,73,1469977,629991,85,3,145.7,0.9902158108813778,0.9985553639080323,0.9840214532439424,0.9964658239796453,0.9985587095688668,,,
92c05be56c06,A,multiclass,2017,improved,random_70_30,as_benign,xgboost,11,1469977,629991,85,3,120.8,0.974840991978993,0.9995213929931092,0.9554645306494868,0.9988282928975099,0.9995222153967279,,,
31e0b8ff9d10,A,multiclass,2017,improved,random_70_30,as_benign,xgboost,23,1469977,629991,85,3,118.2,0.9947798284782089,0.9995031761644373,0.9914808424360886,0.9987815768598605,0.9995031675055676,,,
1d761d0ca7ce,A,multiclass,2017,improved,random_70_30,as_benign,xgboost,37,1469977,629991,85,3,117.8,0.9805848886190616,0.999450520032437,0.9664751072663209,0.9986531734000712,0.9994507858048766,,,
0eaaa4d1284b,A,multiclass,2017,improved,random_70_30,as_benign,xgboost,51,1469977,629991,85,3,120.2,0.971795372545993,0.9994931613138183,0.9536430013840972,0.9987582223443623,0.9994936435599874,,,
2a13226d77c2,A,multiclass,2017,improved,random_70_30,as_benign,xgboost,73,1469977,629991,85,3,120.6,0.9711367176296181,0.9994631947789067,0.9548221471190915,0.9986842788954315,0.9994634843989835,,,
405570823d5d,A,multiclass,2017,improved,random_70_30,dropped,logreg,11,1461592,626397,85,3,190.3,0.936559443538807,0.9940711165528555,0.9425893335154988,0.985653182947343,0.9941075707578421,,,
5ddaa9a9f089,A,multiclass,2017,improved,random_70_30,dropped,logreg,23,1461592,626397,85,3,179.6,0.9389895838640084,0.9942497540162846,0.93153503154812,0.9860794577262005,0.994283178239998,,,
40350a63be85,A,multiclass,2017,improved,random_70_30,dropped,logreg,37,1461592,626397,85,3,230.5,0.9199036687860735,0.9943158532546478,0.9252700852692636,0.9862462655745245,0.9943518248012043,,,
4a144a7ca001,A,multiclass,2017,improved,random_70_30,dropped,logreg,51,1461592,626397,85,3,180.8,0.8460288823956961,0.9941875475315912,0.9393265346998485,0.9859261815517908,0.9942209174054154,,,
b65ec31669bb,A,multiclass,2017,improved,random_70_30,dropped,logreg,73,1461592,626397,85,3,206.8,0.925135952697522,0.9940744046111266,0.9484626567044552,0.9856575139001835,0.99411236005281,,,
5a642c680581,A,multiclass,2017,improved,random_70_30,dropped,random_forest,11,1461592,626397,85,3,140.8,0.9836573808704332,0.9986301398010928,0.9726268261511785,0.9966647386307116,0.9986334545024961,,,
da45edfde425,A,multiclass,2017,improved,random_70_30,dropped,random_forest,23,1461592,626397,85,3,138.3,0.9881987376950393,0.9985865257827927,0.9805612096881207,0.9965554298953495,0.998588754416129,,,
0d264eabd62a,A,multiclass,2017,improved,random_70_30,dropped,random_forest,37,1461592,626397,85,3,141.0,0.9922326179324901,0.9986385840707189,0.9875296344018764,0.9966844959086067,0.9986414366607759,,,
cf9850ed0cab,A,multiclass,2017,improved,random_70_30,dropped,random_forest,51,1461592,626397,85,3,141.3,0.9860228328561003,0.9985671568025257,0.976966971164227,0.9965085990659515,0.9985695972362575,,,
f57fae9cf013,A,multiclass,2017,improved,random_70_30,dropped,random_forest,73,1461592,626397,85,3,143.1,0.9897567540929342,0.9985125607424042,0.9832730834243618,0.9963764142575361,0.9985153185599548,,,
8c2c07962b3f,A,multiclass,2017,improved,random_70_30,dropped,xgboost,11,1461592,626397,85,3,137.2,0.9071744170739028,0.9990314782655422,0.9600753552036821,0.9976201514048424,0.9990245802582068,,,
2dd054e85c61,A,multiclass,2017,improved,random_70_30,dropped,xgboost,23,1461592,626397,85,3,117.7,0.9845756153398617,0.9995097977553296,0.9724602750142809,0.9988037222032433,0.9995098954816195,,,
7491b55a34fd,A,multiclass,2017,improved,random_70_30,dropped,xgboost,37,1461592,626397,85,3,116.4,0.9964609187246154,0.9994618505243344,0.9942800307675128,0.9986868692138159,0.9994620025319406,,,
6b1563574649,A,multiclass,2017,improved,random_70_30,dropped,xgboost,51,1461592,626397,85,3,131.6,0.8601721807429881,0.9984959251193195,0.9768063600901096,0.9963258143420782,0.9984945649484273,,,
c8b576005de5,A,multiclass,2017,improved,random_70_30,dropped,xgboost,73,1461592,626397,85,3,116.7,0.9935576493645176,0.9994570270613883,0.9897280276935889,0.9986751837358031,0.9994572132369727,,,
d10961fd01c8,A,multiclass,2017,improved,day_ordered,as_attack,logreg,11,1190337,576714,85,3,55.4,0.24991066906270165,0.9996426762508067,0.9992856077709229,0.0,0.9992856077709229,,,
2c8f1c27bf8a,A,multiclass,2017,improved,day_ordered,as_attack,logreg,23,1190337,576714,85,3,55.4,0.24991066906270165,0.9996426762508067,0.9992856077709229,0.0,0.9992856077709229,,,
7a49b4af26e4,A,multiclass,2017,improved,day_ordered,as_attack,logreg,37,1190337,576714,85,3,55.3,0.24991066906270165,0.9996426762508067,0.9992856077709229,0.0,0.9992856077709229,,,
41bca1db5ace,A,multiclass,2017,improved,day_ordered,as_attack,logreg,51,1190337,576714,85,3,55.6,0.24991066906270165,0.9996426762508067,0.9992856077709229,0.0,0.9992856077709229,,,
80a78280a596,A,multiclass,2017,improved,day_ordered,as_attack,logreg,73,1190337,576714,85,3,55.2,0.24991066906270165,0.9996426762508067,0.9992856077709229,0.0,0.9992856077709229,,,
4d0e1b12a2e8,A,multiclass,2017,improved,day_ordered,as_attack,random_forest,11,1190337,576714,85,3,89.6,0.49999913301763615,0.9999982660352722,0.9999965320765579,0.0,0.9999965320765579,,,
c7373f7e7b0e,A,multiclass,2017,improved,day_ordered,as_attack,random_forest,23,1190337,576714,85,3,87.8,0.3333321773548438,0.9999965320645313,0.9999930641531157,0.0,0.9999930641531157,,,
1dfe5ee2d353,A,multiclass,2017,improved,day_ordered,as_attack,random_forest,37,1190337,576714,85,3,88.5,0.333331310365715,0.999993931097145,0.9999878622679526,0.0,0.9999878622679526,,,
5c67a45f5d2f,A,multiclass,2017,improved,day_ordered,as_attack,random_forest,51,1190337,576714,85,3,88.7,0.3333315993625923,0.9999947980877771,0.9999895962296736,0.0,0.9999895962296736,,,
92f85c922004,A,multiclass,2017,improved,day_ordered,as_attack,random_forest,73,1190337,576714,85,3,89.4,0.3333307323704569,0.9999921971113707,0.9999843943445105,0.0,0.9999843943445105,,,
f9e83f0b832d,A,multiclass,2017,improved,day_ordered,as_attack,xgboost,11,1190337,576714,85,3,41.3,0.3333275533607073,0.999982660082122,0.9999653207655788,0.0,0.9999653207655788,,,
d4716f887091,A,multiclass,2017,improved,day_ordered,as_attack,xgboost,23,1190337,576714,85,3,41.2,0.3333275533607073,0.999982660082122,0.9999653207655788,0.0,0.9999653207655788,,,
be059adecc72,A,multiclass,2017,improved,day_ordered,as_attack,xgboost,37,1190337,576714,85,3,41.4,0.3333275533607073,0.999982660082122,0.9999653207655788,0.0,0.9999653207655788,,,
496382ad57b0,A,multiclass,2017,improved,day_ordered,as_attack,xgboost,51,1190337,576714,85,3,42.1,0.3333275533607073,0.999982660082122,0.9999653207655788,0.0,0.9999653207655788,,,
f18e4a369d58,A,multiclass,2017,improved,day_ordered,as_attack,xgboost,73,1190337,576714,85,3,40.5,0.3333275533607073,0.999982660082122,0.9999653207655788,0.0,0.9999653207655788,,,
6a43dbde87ea,A,multiclass,2017,improved,day_ordered,as_benign,logreg,11,1190337,582778,85,3,35.1,0.2498997930630192,0.9995991722520768,0.9991986657011761,0.0,0.9991986657011761,,,
ecebd9d06dd7,A,multiclass,2017,improved,day_ordered,as_benign,logreg,23,1190337,582778,85,3,35.2,0.2498997930630192,0.9995991722520768,0.9991986657011761,0.0,0.9991986657011761,,,
1ed51f48f16a,A,multiclass,2017,improved,day_ordered,as_benign,logreg,37,1190337,582778,85,3,35.2,0.2498997930630192,0.9995991722520768,0.9991986657011761,0.0,0.9991986657011761,,,
7f88eb515252,A,multiclass,2017,improved,day_ordered,as_benign,logreg,51,1190337,582778,85,3,35.1,0.2498997930630192,0.9995991722520768,0.9991986657011761,0.0,0.9991986657011761,,,
00b59c7abd67,A,multiclass,2017,improved,day_ordered,as_benign,logreg,73,1190337,582778,85,3,35.2,0.2498997930630192,0.9995991722520768,0.9991986657011761,0.0,0.9991986657011761,,,
0cb13331ffd8,A,multiclass,2017,improved,day_ordered,as_benign,random_forest,11,1190337,582778,85,3,86.9,0.49999957101981457,0.9999991420396291,0.9999982840807305,0.0,0.9999982840807305,,,
a9b1bfa3d805,A,multiclass,2017,improved,day_ordered,as_benign,random_forest,23,1190337,582778,85,3,86.6,0.49999957101981457,0.9999991420396291,0.9999982840807305,0.0,0.9999982840807305,,,
88088c83e25b,A,multiclass,2017,improved,day_ordered,as_benign,random_forest,37,1190337,582778,85,3,84.8,0.49999957101981457,0.9999991420396291,0.9999982840807305,0.0,0.9999982840807305,,,
0f053f2e6463,A,multiclass,2017,improved,day_ordered,as_benign,random_forest,51,1190337,582778,85,3,87.6,0.49999957101981457,0.9999991420396291,0.9999982840807305,0.0,0.9999982840807305,,,
68963afe9fbc,A,multiclass,2017,improved,day_ordered,as_benign,random_forest,73,1190337,582778,85,3,86.9,0.49999957101981457,0.9999991420396291,0.9999982840807305,0.0,0.9999982840807305,,,
fb5238caa460,A,multiclass,2017,improved,day_ordered,as_benign,xgboost,11,1190337,582778,85,3,38.1,0.3333321893832279,0.9999965681496835,0.9999931363229223,0.0,0.9999931363229223,,,
aa3e734fc2e6,A,multiclass,2017,improved,day_ordered,as_benign,xgboost,23,1190337,582778,85,3,37.8,0.3333321893832279,0.9999965681496835,0.9999931363229223,0.0,0.9999931363229223,,,
3ad0510999d2,A,multiclass,2017,improved,day_ordered,as_benign,xgboost,37,1190337,582778,85,3,37.9,0.3333321893832279,0.9999965681496835,0.9999931363229223,0.0,0.9999931363229223,,,
cdb28f15937a,A,multiclass,2017,improved,day_ordered,as_benign,xgboost,51,1190337,582778,85,3,38.4,0.3333321893832279,0.9999965681496835,0.9999931363229223,0.0,0.9999931363229223,,,
04e8c8250cbe,A,multiclass,2017,improved,day_ordered,as_benign,xgboost,73,1190337,582778,85,3,51.9,0.3333321893832279,0.9999965681496835,0.9999931363229223,0.0,0.9999931363229223,,,
34bc24dea4f2,A,multiclass,2017,improved,day_ordered,dropped,logreg,11,1184422,576714,85,3,34.1,0.33321075497858926,0.9996322649357677,0.9992648002302701,0.0,0.9992648002302701,,,
9ed9909aa9b1,A,multiclass,2017,improved,day_ordered,dropped,logreg,23,1184422,576714,85,3,34.1,0.33321075497858926,0.9996322649357677,0.9992648002302701,0.0,0.9992648002302701,,,
c0bb5b36cb04,A,multiclass,2017,improved,day_ordered,dropped,logreg,37,1184422,576714,85,3,34.0,0.33321075497858926,0.9996322649357677,0.9992648002302701,0.0,0.9992648002302701,,,
766cfb4aa32e,A,multiclass,2017,improved,day_ordered,dropped,logreg,51,1184422,576714,85,3,34.1,0.33321075497858926,0.9996322649357677,0.9992648002302701,0.0,0.9992648002302701,,,
1b0b2ce2140e,A,multiclass,2017,improved,day_ordered,dropped,logreg,73,1184422,576714,85,3,34.1,0.33321075497858926,0.9996322649357677,0.9992648002302701,0.0,0.9992648002302701,,,
dd6857c4385b,A,multiclass,2017,improved,day_ordered,dropped,random_forest,11,1184422,576714,85,3,86.9,0.4999986995253267,0.9999973990506534,0.9999947981148368,0.0,0.9999947981148368,,,
496bb38b01f1,A,multiclass,2017,improved,day_ordered,dropped,random_forest,23,1184422,576714,85,3,84.8,0.4999995665091939,0.9999991330183877,0.9999982660382789,0.0,0.9999982660382789,,,
02361867e39b,A,multiclass,2017,improved,day_ordered,dropped,random_forest,37,1184422,576714,85,3,85.5,0.4999995665091939,0.9999991330183877,0.9999982660382789,0.0,0.9999982660382789,,,
75a4be310c73,A,multiclass,2017,improved,day_ordered,dropped,random_forest,51,1184422,576714,85,3,87.2,0.4999995665091939,0.9999991330183877,0.9999982660382789,0.0,0.9999982660382789,,,
761e57078434,A,multiclass,2017,improved,day_ordered,dropped,random_forest,73,1184422,576714,85,3,85.1,0.4999995665091939,0.9999991330183877,0.9999982660382789,0.0,0.9999982660382789,,,
483fbdd4ae07,A,multiclass,2017,improved,day_ordered,dropped,xgboost,11,1184422,576714,85,3,38.5,0.333331310365715,0.999993931097145,0.9999878622679526,0.0,0.9999878622679526,,,
f9e1f985a921,A,multiclass,2017,improved,day_ordered,dropped,xgboost,23,1184422,576714,85,3,38.1,0.333331310365715,0.999993931097145,0.9999878622679526,0.0,0.9999878622679526,,,
e15f68a2f641,A,multiclass,2017,improved,day_ordered,dropped,xgboost,37,1184422,576714,85,3,38.5,0.333331310365715,0.999993931097145,0.9999878622679526,0.0,0.9999878622679526,,,
aa610428c8c8,A,multiclass,2017,improved,day_ordered,dropped,xgboost,51,1184422,576714,85,3,37.1,0.333331310365715,0.999993931097145,0.9999878622679526,0.0,0.9999878622679526,,,
610919d782dc,A,multiclass,2017,improved,day_ordered,dropped,xgboost,73,1184422,576714,85,3,35.7,0.333331310365715,0.999993931097145,0.9999878622679526,0.0,0.9999878622679526,,,
103b7048ffee,B,multiclass,2017,label_original,random_70_30,n/a,logreg,11,1123493,481497,72,,,0.6516258686462232,0.9822309665832838,0.6497477423422577,0.9447352064752217,0.9817818179552521,,,
e69db6e9c0c8,B,multiclass,2017,label_original,random_70_30,n/a,logreg,23,1123493,481497,72,,,0.6978626663820806,0.9819562110660144,0.6760369509261391,0.9439420097956209,0.9814495209731318,,,
873d97cea647,B,multiclass,2017,label_original,random_70_30,n/a,logreg,37,1123493,481497,72,,,0.6896646669799578,0.9816968502480508,0.6672590299885098,0.9430973520760876,0.9812169130856475,,,
ed85e753f08e,B,multiclass,2017,label_original,random_70_30,n/a,logreg,51,1123493,481497,72,,,0.6975409241669781,0.9819003974414358,0.672523321764835,0.9437200482924042,0.9814329061240257,,,
1992497e8a87,B,multiclass,2017,label_original,random_70_30,n/a,logreg,73,1123493,481497,72,,,0.7164069416478761,0.9822403696618265,0.7109370228378331,0.9448393839694623,0.981765203106146,,,
7221837ba38b,B,multiclass,2017,label_original,random_70_30,n/a,random_forest,11,1123493,481497,72,,,0.8517922129842673,0.9999112149647437,0.8256986083352064,0.999726217744393,0.9999148488983317,,,
8021db06d70e,B,multiclass,2017,label_original,random_70_30,n/a,random_forest,23,1123493,481497,72,,,0.8689571706080309,0.9999151932297902,0.8528407565084217,0.9997328661383098,0.9999169257544699,,,
507a46642b39,B,multiclass,2017,label_original,random_70_30,n/a,random_forest,37,1123493,481497,72,,,0.870779824028382,0.9999434597293891,0.8581664729809853,0.999833038179359,0.9999480785965437,,,
169893436cc1,B,multiclass,2017,label_original,random_70_30,n/a,random_forest,51,1123493,481497,72,,,0.8720465904202493,0.9999164200528197,0.8593367896301225,0.9997462045637274,0.9999210794667465,,,
e23d3b33d234,B,multiclass,2017,label_original,random_70_30,n/a,random_forest,73,1123493,481497,72,,,0.8761181410535495,0.9999197829729856,0.8652706131168437,0.9997462776347086,0.9999210794667465,,,
d151d321dda5,B,multiclass,2017,label_original,random_70_30,n/a,xgboost,11,1123493,481497,72,,,0.8245188717876444,0.9998740217521906,0.7995581006931861,0.9995993599703922,0.9998753886317049,,,
ccbe26476069,B,multiclass,2017,label_original,random_70_30,n/a,xgboost,23,1123493,481497,72,,,0.7963793102131486,0.9998413852197112,0.7923242609551414,0.9994925126445576,0.9998421589334928,,,
88ea9eaf8cec,B,multiclass,2017,label_original,random_70_30,n/a,xgboost,37,1123493,481497,72,,,0.6279480935203589,0.9985574116892468,0.6321051141162795,0.9951457118601631,0.9984901255874907,,,
c7deb82c4e1b,B,multiclass,2017,label_original,random_70_30,n/a,xgboost,51,1123493,481497,72,,,0.8539277977527429,0.999795111055001,0.8076725536854149,0.9993521056587847,0.9997985449545895,,,
d9f5b1e29835,B,multiclass,2017,label_original,random_70_30,n/a,xgboost,73,1123493,481497,72,,,0.6870034627261068,0.9992749599910529,0.6817924607938829,0.9976433755319728,0.999266869783197,,,
6b6fbb7bb557,B,multiclass,2017,label_original,day_ordered,n/a,logreg,11,891643,533343,72,,,0.3328601712020759,0.9985805136062278,0.9971650513834437,0.0,0.9971650513834437,,,
40a790962697,B,multiclass,2017,label_original,day_ordered,n/a,logreg,23,891643,533343,72,,,0.3328601712020759,0.9985805136062278,0.9971650513834437,0.0,0.9971650513834437,,,
f94cb780cf1a,B,multiclass,2017,label_original,day_ordered,n/a,logreg,37,891643,533343,72,,,0.3328601712020759,0.9985805136062278,0.9971650513834437,0.0,0.9971650513834437,,,
9a5fcbbc9dad,B,multiclass,2017,label_original,day_ordered,n/a,logreg,51,891643,533343,72,,,0.3328601712020759,0.9985805136062278,0.9971650513834437,0.0,0.9971650513834437,,,
36995e7f1cf5,B,multiclass,2017,label_original,day_ordered,n/a,logreg,73,891643,533343,72,,,0.3328601712020759,0.9985805136062278,0.9971650513834437,0.0,0.9971650513834437,,,
93c0d94a2716,B,multiclass,2017,label_original,day_ordered,n/a,random_forest,11,891643,533343,72,,,0.3333089569926346,0.9999268709779038,0.9998537526507332,0.0,0.9998537526507332,,,
897f887434ea,B,multiclass,2017,label_original,day_ordered,n/a,random_forest,23,891643,533343,72,,,0.4999756242534928,0.9999512485069857,0.9999025017671554,0.0,0.9999025017671554,,,
f03f3deabc7f,B,multiclass,2017,label_original,day_ordered,n/a,random_forest,37,891643,533343,72,,,0.33332302070120273,0.9999690621036083,0.999938126121464,0.0,0.999938126121464,,,
3331d9a3b2cf,B,multiclass,2017,label_original,day_ordered,n/a,random_forest,51,891643,533343,72,,,0.3332880154943254,0.9998640464829762,0.999728129927645,0.0,0.999728129927645,,,
e115727c9bf8,B,multiclass,2017,label_original,day_ordered,n/a,random_forest,73,891643,533343,72,,,0.4999648419151875,0.9999296838303751,0.999859377548782,0.0,0.999859377548782,,,
10fd4e533cc7,B,multiclass,2017,label_original,day_ordered,n/a,xgboost,11,891643,533343,72,,,0.33331051968552167,0.999931559056565,0.9998631274808144,0.0,0.9998631274808144,,,
f59348c97a7c,B,multiclass,2017,label_original,day_ordered,n/a,xgboost,23,891643,533343,72,,,0.33331051968552167,0.999931559056565,0.9998631274808144,0.0,0.9998631274808144,,,
8369ad145a74,B,multiclass,2017,label_original,day_ordered,n/a,xgboost,37,891643,533343,72,,,0.33331051968552167,0.999931559056565,0.9998631274808144,0.0,0.9998631274808144,,,
3a66f816067e,B,multiclass,2017,label_original,day_ordered,n/a,xgboost,51,891643,533343,72,,,0.33331051968552167,0.999931559056565,0.9998631274808144,0.0,0.9998631274808144,,,
2c80347e96af,B,multiclass,2017,label_original,day_ordered,n/a,xgboost,73,891643,533343,72,,,0.33331051968552167,0.999931559056565,0.9998631274808144,0.0,0.9998631274808144,,,
61207ff5a7e5,B,multiclass,2017,label_improved,random_70_30,n/a,logreg,11,1123493,481497,72,,,0.7529156630621775,0.9775267039738309,0.7346940823771244,0.9450925888079307,0.9792563608911374,,,
d386d3d7fb6d,B,multiclass,2017,label_improved,random_70_30,n/a,logreg,23,1123493,481497,72,,,0.7395927852231369,0.9774193377111602,0.7260263001575923,0.9448817845984754,0.9791753635017456,,,
8dc5301c0914,B,multiclass,2017,label_improved,random_70_30,n/a,logreg,37,1123493,481497,72,,,0.6810419883837878,0.9776913248694427,0.6571109689814897,0.9456898087115426,0.9794848150663452,,,
cf0a930a1518,B,multiclass,2017,label_improved,random_70_30,n/a,logreg,51,1123493,481497,72,,,0.7454388744400156,0.9773812107119942,0.7291575545855191,0.9448386057995621,0.9791587486526396,,,
ebbe0b3a6e6f,B,multiclass,2017,label_improved,random_70_30,n/a,logreg,73,1123493,481497,72,,,0.7908771050597028,0.9776642536454299,0.7750718141758229,0.9454291304029062,0.9793809722594325,,,
3fd39cea45d5,B,multiclass,2017,label_improved,random_70_30,n/a,random_forest,11,1123493,481497,72,,,0.9935088720445072,0.9999064410291152,0.9927956819769909,0.9997503809422856,0.9999065414737787,,,
acafb495e25b,B,multiclass,2017,label_improved,random_70_30,n/a,random_forest,23,1123493,481497,72,,,0.9940647394026294,0.9998813839150428,0.9886071867386806,0.9996837785112072,0.9998816192001196,,,
79e54c78936c,B,multiclass,2017,label_improved,random_70_30,n/a,random_forest,37,1123493,481497,72,,,0.9965898214844771,0.9999085556891455,0.9949246805348546,0.9997559252464238,0.999908618329917,,,
25635e4f10d5,B,multiclass,2017,label_improved,random_70_30,n/a,random_forest,51,1123493,481497,72,,,0.997699390162559,0.9999230939997058,0.9955478424169334,0.9997947682455837,0.9999231563228846,,,
2a9df138dbd5,B,multiclass,2017,label_improved,random_70_30,n/a,random_forest,73,1123493,481497,72,,,0.997300773344063,0.9999355757535251,0.9947091626875548,0.99982802654946,0.9999356174597142,,,
a7caaa985fbe,B,multiclass,2017,label_improved,random_70_30,n/a,xgboost,11,1123493,481497,72,,,0.9692391198920475,0.9997736939871362,0.957043873285408,0.9993955196151584,0.9997736226809305,,,
df16ec5028a1,B,multiclass,2017,label_improved,random_70_30,n/a,xgboost,23,1123493,481497,72,,,0.5456511387781323,0.979056452722389,0.6327027358180808,0.9424921027068703,0.9782179328220113,,,
aa5656e5594d,B,multiclass,2017,label_improved,random_70_30,n/a,xgboost,37,1123493,481497,72,,,0.931208515147693,0.9998211860726696,0.9177113107433001,0.9995229806260648,0.9998213903721103,,,
78973ae4082f,B,multiclass,2017,label_improved,random_70_30,n/a,xgboost,51,1123493,481497,72,,,0.9367200507761952,0.9998598814105193,0.9930352536301112,0.9996228201525531,0.9998587737825989,,,
9097c6c36329,B,multiclass,2017,label_improved,random_70_30,n/a,xgboost,73,1123493,481497,72,,,0.9894487221322391,0.9998758882936934,0.9931187430984598,0.9996671662532907,0.9998753886317049,,,
d5b287248897,B,multiclass,2017,label_improved,day_ordered,n/a,logreg,11,891643,468792,72,,,0.3330796520189724,0.9992389560569171,0.9984790696086964,0.0,0.9984790696086964,,,
a23687533cd5,B,multiclass,2017,label_improved,day_ordered,n/a,logreg,23,891643,468792,72,,,0.3330796520189724,0.9992389560569171,0.9984790696086964,0.0,0.9984790696086964,,,
7c7f001fcefb,B,multiclass,2017,label_improved,day_ordered,n/a,logreg,37,891643,468792,72,,,0.3330796520189724,0.9992389560569171,0.9984790696086964,0.0,0.9984790696086964,,,
c8f580f6d201,B,multiclass,2017,label_improved,day_ordered,n/a,logreg,51,891643,468792,72,,,0.3330796520189724,0.9992389560569171,0.9984790696086964,0.0,0.9984790696086964,,,
d3df3f4d8cd4,B,multiclass,2017,label_improved,day_ordered,n/a,logreg,73,891643,468792,72,,,0.3330796520189724,0.9992389560569171,0.9984790696086964,0.0,0.9984790696086964,,,
b818f93d848f,B,multiclass,2017,label_improved,day_ordered,n/a,random_forest,11,891643,468792,72,,,0.3333265782461305,0.9999797347383915,0.9999594702981279,0.0,0.9999594702981279,,,
22c93995706b,B,multiclass,2017,label_improved,day_ordered,n/a,random_forest,23,891643,468792,72,,,0.3333265782461305,0.9999797347383915,0.9999594702981279,0.0,0.9999594702981279,,,
111a137222d3,B,multiclass,2017,label_improved,day_ordered,n/a,random_forest,37,891643,468792,72,,,0.33332693378386163,0.9999808013515848,0.9999616034403317,0.0,0.9999616034403317,,,
582c2a14ac16,B,multiclass,2017,label_improved,day_ordered,n/a,random_forest,51,891643,468792,72,,,0.3333265782461305,0.9999797347383915,0.9999594702981279,0.0,0.9999594702981279,,,
d3e8d4a6969d,B,multiclass,2017,label_improved,day_ordered,n/a,random_forest,73,891643,468792,72,,,0.3333265782461305,0.9999797347383915,0.9999594702981279,0.0,0.9999594702981279,,,
27fa19114e7f,B,multiclass,2017,label_improved,day_ordered,n/a,xgboost,11,891643,468792,72,,,0.33332231173419885,0.9999669352025965,0.9999338725916824,0.0,0.9999338725916824,,,
8d36249659ec,B,multiclass,2017,label_improved,day_ordered,n/a,xgboost,23,891643,468792,72,,,0.33332231173419885,0.9999669352025965,0.9999338725916824,0.0,0.9999338725916824,,,
22b3251b941f,B,multiclass,2017,label_improved,day_ordered,n/a,xgboost,37,891643,468792,72,,,0.33332231173419885,0.9999669352025965,0.9999338725916824,0.0,0.9999338725916824,,,
01e32432409d,B,multiclass,2017,label_improved,day_ordered,n/a,xgboost,51,891643,468792,72,,,0.33332231173419885,0.9999669352025965,0.9999338725916824,0.0,0.9999338725916824,,,
0bbd52141baa,B,multiclass,2017,label_improved,day_ordered,n/a,xgboost,73,891643,468792,72,,,0.33332231173419885,0.9999669352025965,0.9999338725916824,0.0,0.9999338725916824,,,
bf8889730e08,A,binary,2017,original,random_70_30,as_attack,logreg,11,1966706,842874,72,,95.4,0.8995361030867449,0.937332754730683,0.8930988824295946,0.7993845883103727,0.9378495480937838,0.8196429655716801,0.8561416638654397,0.03344520071249102
596b2e8c1e50,A,binary,2017,original,random_70_30,as_attack,logreg,23,1966706,842874,72,,107.6,0.9005875296916508,0.9379925642866775,0.8940827494187942,0.8014929714793804,0.9385080095008269,0.8211609690934483,0.8580265712436712,0.032995470255859805
aabd856e1d82,A,binary,2017,original,random_70_30,as_attack,logreg,37,1966706,842874,72,,91.7,0.8988643842602684,0.9369712069697471,0.8917200440066558,0.7981160106355536,0.9375505710224779,0.8164915902604895,0.857122824015349,0.03305150224717779
9ffb0ac568e9,A,binary,2017,original,random_70_30,as_attack,logreg,51,1966706,842874,72,,85.4,0.8981644670611184,0.9365275769750471,0.8911248691672136,0.7967056189118723,0.9371032918324684,0.8156536523164734,0.8556922998522143,0.03340391398204612
d9b1eb9a4233,A,binary,2017,original,random_70_30,as_attack,logreg,73,1966706,842874,72,,133.3,0.8991699611263333,0.9371417498711845,0.8922696519430888,0.798700271737724,0.9376988731411813,0.8176999210638168,0.8569001501692586,0.03316061717763907
5e361295d1f6,A,binary,2017,original,random_70_30,as_attack,random_forest,11,1966706,842874,72,,142.4,0.9993773417284675,0.9996084608022507,0.9993222405796158,0.9987546998482261,0.999608482406623,0.9988523893375433,0.9991435964091787,0.0002079081783115111
a7a2c0fb82a9,A,binary,2017,original,random_70_30,as_attack,random_forest,23,1966706,842874,72,,137.5,0.9993754706802337,0.9996072792866187,0.9993329970365716,0.998750951099393,0.9996072959896735,0.9988827494079786,0.9991072133517154,0.00021675533483533904
4aed95db97a2,A,binary,2017,original,random_70_30,as_attack,random_forest,37,1966706,842874,72,,141.4,0.9993490345896248,0.9995906621540344,0.9992904929379621,0.9986980876830169,0.9995906861523787,0.9987977412107596,0.9991071374340224,0.00021675533483533904
c1f0a296a082,A,binary,2017,original,random_70_30,as_attack,random_forest,51,1966706,842874,72,,142.3,0.9993603939620623,0.9995977930960478,0.9993316964202221,0.9987207923699732,0.9995978046540764,0.9988948934361528,0.9990465490541403,0.00023150059570853365
db3fda1fcaf6,A,binary,2017,original,random_70_30,as_attack,random_forest,73,1966706,842874,72,,137.0,0.9993585322885248,0.9995966145279153,0.9993493491091775,0.9987170650322675,0.9995966182371268,0.9989434695488494,0.9989919966966638,0.0002447713304943866
7ee8eb27d7af,A,binary,2017,original,random_70_30,as_attack,xgboost,11,1966706,842874,72,,25.1,0.9996755375550546,0.9997959484783178,0.9997352661164982,0.9993510943461383,0.9997959362846641,0.9996356791547757,0.9993201490815943,0.00016514692177937995
350a83f657a5,A,binary,2017,original,random_70_30,as_attack,xgboost,23,1966706,842874,72,,23.8,0.9996811989817795,0.9997995082075353,0.9997443741376287,0.9993624194830257,0.9997994955355131,0.9996538951970368,0.9993201614616528,0.00016514692177937995
60d15eeb1e52,A,binary,2017,original,random_70_30,as_attack,xgboost,37,1966706,842874,72,,23.1,0.9996962789858443,0.9998089954319528,0.9997410772659785,0.9993925687929094,0.9998089868711101,0.9996296071406886,0.9993929423477348,0.000147452608731502
008707a14a66,A,binary,2017,original,random_70_30,as_attack,xgboost,51,1966706,842874,72,,25.3,0.9996831021287924,0.9998006998156111,0.9997726963286709,0.999366247533929,0.9998006819524626,0.9997267593660817,0.9992534958244319,0.0001813667087398052
86cd3cead687,A,binary,2017,original,random_70_30,as_attack,xgboost,73,1966706,842874,72,,22.1,0.9996906245654313,0.9998054379055101,0.9997434629648473,0.9993812641846356,0.9998054276202611,0.9996417511688627,0.9993626165501166,0.00015482523916809932
d7fd6e7f315c,A,binary,2017,original,day_ordered,as_attack,logreg,11,1651932,1157648,72,,92.6,0.7401381323480387,0.8206114578114058,0.7057539043243082,0.5382018932999751,0.840924875264329,0.4339194710671097,0.8666863426084808,0.02241166241849335
a4305dc243f3,A,binary,2017,original,day_ordered,as_attack,logreg,23,1651932,1157648,72,,93.6,0.7401381323480387,0.8206114578114058,0.7057539043243082,0.5382018932999751,0.840924875264329,0.4339194710671097,0.8666863426084808,0.02241166241849335
b7c2c5dd5978,A,binary,2017,original,day_ordered,as_attack,logreg,37,1651932,1157648,72,,93.4,0.7401381323480387,0.8206114578114058,0.7057539043243082,0.5382018932999751,0.840924875264329,0.4339194710671097,0.8666863426084808,0.02241166241849335
5d55289d3e9f,A,binary,2017,original,day_ordered,as_attack,logreg,51,1651932,1157648,72,,94.9,0.7401381323480387,0.8206114578114058,0.7057539043243082,0.5382018932999751,0.840924875264329,0.4339194710671097,0.8666863426084808,0.02241166241849335
435ed10d0796,A,binary,2017,original,day_ordered,as_attack,logreg,73,1651932,1157648,72,,92.7,0.7401381323480387,0.8206114578114058,0.7057539043243082,0.5382018932999751,0.840924875264329,0.4339194710671097,0.8666863426084808,0.02241166241849335
56d1e677be34,A,binary,2017,original,day_ordered,as_attack,random_forest,11,1651932,1157648,72,,96.6,0.6642268738907253,0.7774602503035267,0.6395718436861293,0.4732281613268872,0.8186616311694056,0.2794148473716585,0.9971181556195965,0.0002711599993999725
6e0a14a80283,A,binary,2017,original,day_ordered,as_attack,random_forest,23,1651932,1157648,72,,103.5,0.6635993211745735,0.7770862324963529,0.6391079907613333,0.4724327035596195,0.8184370378560668,0.2784698334369985,0.9972924743092733,0.0002538519143319151
ca4aa607e263,A,binary,2017,original,day_ordered,as_attack,random_forest,37,1651932,1157648,72,,102.8,0.6499591249628814,0.7689157997599193,0.6291916529412027,0.4540114904840641,0.8134527939408179,0.25863485005206166,0.9971118559637525,0.0002515441696561149
2b5c37e59995,A,binary,2017,original,day_ordered,as_attack,random_forest,51,1651932,1157648,72,,97.3,0.6635247222239888,0.7770414249112333,0.6390530081324076,0.4723319708451386,0.8184093956021175,0.27835986817914715,0.9972914076062199,0.0002538519143319151
53b4c2fef296,A,binary,2017,original,day_ordered,as_attack,random_forest,73,1651932,1157648,72,,99.2,0.66730627535398,0.7793156891323273,0.6418502745817071,0.4774586747769805,0.8198191505535362,0.28394747784371877,0.9974168004538706,0.00024692868030462556
026a4eb3e278,A,binary,2017,original,day_ordered,as_attack,xgboost,11,1651932,1157648,72,,19.1,0.4392588186535569,0.6472123850780045,0.5052249266141476,0.08544037179297666,0.7511566555636947,0.010646011525733589,0.9479804161566707,0.00019615829743824253
e71b53f6e162,A,binary,2017,original,day_ordered,as_attack,xgboost,23,1651932,1157648,72,,19.4,0.4392588186535569,0.6472123850780045,0.5052249266141476,0.08544037179297666,0.7511566555636947,0.010646011525733589,0.9479804161566707,0.00019615829743824253
96a5a34c814f,A,binary,2017,original,day_ordered,as_attack,xgboost,37,1651932,1157648,72,,20.9,0.4392588186535569,0.6472123850780045,0.5052249266141476,0.08544037179297666,0.7511566555636947,0.010646011525733589,0.9479804161566707,0.00019615829743824253
5bdc698ad0be,A,binary,2017,original,day_ordered,as_attack,xgboost,51,1651932,1157648,72,,21.7,0.4392588186535569,0.6472123850780045,0.5052249266141476,0.08544037179297666,0.7511566555636947,0.010646011525733589,0.9479804161566707,0.00019615829743824253
69b50bd12518,A,binary,2017,original,day_ordered,as_attack,xgboost,73,1651932,1157648,72,,19.3,0.4392588186535569,0.6472123850780045,0.5052249266141476,0.08544037179297666,0.7511566555636947,0.010646011525733589,0.9479804161566707,0.00019615829743824253
b39670c367fc,A,binary,2017,improved,random_70_30,as_attack,logreg,11,1469977,629991,85,,58.7,0.9865763127121105,0.9900307387898751,0.9864919201894726,0.9731526829207116,0.9900316036260836,0.9795133453160936,0.980018434605493,0.006529504937148212
e67ce5f48b71,A,binary,2017,improved,random_70_30,as_attack,logreg,23,1469977,629991,85,,86.0,0.9872256881482883,0.9905155455649897,0.9868802767833325,0.9744523387530795,0.9905189121749358,0.9797066156433003,0.9817748682987295,0.005946062076635283
e6b67a9aa4fe,A,binary,2017,improved,random_70_30,as_attack,logreg,37,1469977,629991,85,,70.2,0.9872612348263088,0.9905414453573347,0.9869665039558544,0.9745231701774888,0.9905443093631496,0.9799127706589874,0.9816772511358942,0.0059797627472786274
3c73819f13d0,A,binary,2017,improved,random_70_30,as_attack,logreg,51,1469977,629991,85,,65.3,0.9872884278186826,0.9905602750241899,0.9871341864450884,0.9745770473656796,0.9905617699300466,0.9803766194442833,0.981299612450589,0.006108246554106467
eef3e01c744d,A,binary,2017,improved,random_70_30,as_attack,logreg,73,1469977,629991,85,,62.1,0.9872379442427706,0.9905216860475768,0.9871967468688111,0.974475902159084,0.9905220868234625,0.9806407555581325,0.9808872048664811,0.006247261820510275
5058a5de3599,A,binary,2017,improved,random_70_30,as_attack,random_forest,11,1469977,629991,85,,127.9,0.9999080967813901,0.9999317430586798,0.9998788338081352,0.9998162002221307,0.9999317450566754,0.9997745179515922,0.999948452279698,1.6850335321727528e-05
176bb2274815,A,binary,2017,improved,random_70_30,as_attack,random_forest,23,1469977,629991,85,,124.2,0.9999102350387393,0.9999333307908448,0.9998863910325804,0.9998204744986919,0.9999333323809387,0.9997938449843129,0.9999355674254676,2.1062919152048387e-05
844cc81d3fdc,A,binary,2017,improved,random_70_30,as_attack,random_forest,37,1469977,629991,85,,126.4,0.9998995493872391,0.9999253942228996,0.9998789572766299,0.9997991020720315,0.9999253957596219,0.9997874026400727,0.9999097961392748,2.948808681291215e-05
c7a3bbaec2b8,A,binary,2017,improved,random_70_30,as_attack,random_forest,51,1469977,629991,85,,120.7,0.9999209228867807,0.9999412681745513,0.999906832945506,0.9998418473172925,0.9999412690022556,0.9998389413939944,0.9999226853939823,2.527550298248027e-05
71d5c637c61a,A,binary,2017,improved,random_70_30,as_attack,random_forest,73,1469977,629991,85,,121.2,0.9999059588854953,0.9999301554607531,0.9998734446098526,0.9998119259924957,0.999930157732412,0.9997616332631117,0.9999548948728357,1.4744043406511587e-05
13432db24656,A,binary,2017,improved,random_70_30,as_attack,xgboost,11,1469977,629991,85,,21.6,0.9999508441698037,0.9999634911065851,0.9999389211982125,0.9999016894449145,0.9999634915419426,0.9998904801479163,0.9999613431951138,1.2637751491295646e-05
a1a578ff2a89,A,binary,2017,improved,random_70_30,as_attack,xgboost,23,1469977,629991,85,,20.9,0.999957256077854,0.9999682532394121,0.9999485847145728,0.9999145127403305,0.9999682535147327,0.9999098071806369,0.9999613439422737,1.2637751491295646e-05
109e7f140264,A,binary,2017,improved,random_70_30,as_attack,xgboost,37,1469977,629991,85,,20.8,0.999955119562882,0.999966666154335,0.9999540356471028,0.9999102391348983,0.9999666661904694,0.9999291342133576,0.9999355761425571,2.1062919152048387e-05
b9b40ce2fcfc,A,binary,2017,improved,random_70_30,as_attack,xgboost,51,1469977,629991,85,,21.3,0.9999593931859208,0.9999698405447457,0.9999496378605304,0.9999187871117594,0.9999698408389961,0.9999098071806369,0.9999677864110196,1.0531459576079705e-05
3584196a0202,A,binary,2017,improved,random_70_30,as_attack,xgboost,73,1469977,629991,85,,20.9,0.9999551183951998,0.9999666657206914,0.9999410274901277,0.9999102383341972,0.9999666661904694,0.9998904801479163,0.9999742284646608,8.425167660863764e-06
98a4c40dbb9e,A,binary,2017,improved,random_70_30,as_benign,logreg,11,1469977,629991,85,,75.0,0.9890080572958142,0.9919576569594054,0.9898594523392092,0.9780216513845333,0.9919506786604888,0.9858272494047973,0.9808270232674112,0.006108344726378778
ddfc94822ae8,A,binary,2017,improved,random_70_30,as_benign,logreg,23,1469977,629991,85,,75.7,0.9898200227748382,0.9925496764058875,0.9909442364240643,0.9796496666554718,0.9925411632864597,0.9878651181502219,0.9812706357109167,0.0059766453020934085
e96315984b6f,A,binary,2017,improved,random_70_30,as_benign,logreg,37,1469977,629991,85,,79.8,0.9895053136687135,0.9923227485944917,0.9901954974097924,0.9790142632234503,0.9923173505653256,0.9861042412731074,0.9820498505796197,0.005713246453522669
c30174ffae7f,A,binary,2017,improved,random_70_30,as_benign,logreg,51,1469977,629991,85,,77.7,0.9894574852926228,0.9922862155096364,0.9903438380362766,0.9789209630052688,0.9922792547830048,0.9866120596983426,0.981408225253062,0.00592438362578962
dff874705a27,A,binary,2017,improved,random_70_30,as_benign,logreg,73,1469977,629991,85,,62.6,0.989523794546543,0.9923310761585673,0.9908777790689899,0.9790615432871794,0.9923205252138523,0.988095944707147,0.9801579253812387,0.0063403865691672445
c65a73c9c146,A,binary,2017,improved,random_70_30,as_benign,random_forest,11,1469977,629991,85,,129.2,0.9999239974944091,0.9999444420864629,0.999895848165116,0.9998480008825157,0.9999444436507823,0.9998021486654928,0.9999670193398591,1.0452335260757728e-05
842dbb63fc1d,A,binary,2017,improved,random_70_30,as_benign,random_forest,23,1469977,629991,85,,128.5,0.9999478866960365,0.9999619041318756,0.9999456346420699,0.9998957734297901,0.9999619042176793,0.9999142644217135,0.9999274535537866,2.2995137573644797e-05
267b865546c8,A,binary,2017,improved,random_70_30,as_benign,random_forest,37,1469977,629991,85,,130.9,0.9999392003237291,0.9999555545201961,0.9999301922643871,0.9998784012509384,0.9999555549206258,0.9998812891992956,0.9999340460754117,2.0904670521515456e-05
c96f26d29915,A,binary,2017,improved,random_70_30,as_benign,random_forest,51,1469977,629991,85,,127.8,0.999943542394756,0.9999587289184337,0.9999277781540078,0.9998870866377301,0.9999587295691525,0.9998680991103285,0.9999604260792138,1.2542802312887069e-05
db3dacb4f4d3,A,binary,2017,improved,random_70_30,as_benign,random_forest,73,1469977,629991,85,,126.5,0.999939199228142,0.9999555541197326,0.9999211831095243,0.9998784008702915,0.9999555549206258,0.9998549090213613,0.9999604255571751,1.2542802312887069e-05
10da3f1092f0,A,binary,2017,improved,random_70_30,as_benign,xgboost,11,1469977,629991,85,,18.8,0.9999630856613986,0.9999730151532303,0.9999506989880367,0.9999261724638017,0.9999730154875228,0.99990766937723,0.999980213431123,6.271401156499046e-06
0f8bc8d59e9b,A,binary,2017,improved,random_70_30,as_benign,xgboost,23,1469977,629991,85,,18.7,0.9999739433480183,0.9999809520659377,0.9999716911766772,0.9999478867337548,0.9999809521088396,0.999953834688615,0.9999670243426303,1.0452335260757728e-05
850f0f5cc8bd,A,binary,2017,improved,random_70_30,as_benign,xgboost,37,1469977,629991,85,,19.8,0.9999630868253894,0.9999730155786866,0.9999664650090467,0.9999261737356416,0.9999730154875228,0.999953834688615,0.9999340508599768,2.0904670521515456e-05
7325f1e121c1,A,binary,2017,improved,random_70_30,as_benign,xgboost,51,1469977,629991,85,,20.4,0.9999696001618645,0.9999777772600981,0.999960591554762,0.9999392009272325,0.9999777774603129,0.9999274545106807,0.9999802138226235,6.271401156499046e-06
db56bb2aba65,A,binary,2017,improved,random_70_30,as_benign,xgboost,73,1469977,629991,85,,21.2,0.9999544011671391,0.999966666228008,0.9999555272087953,0.9999088023437073,0.9999666661904694,0.9999340495551643,0.9999274549891183,2.2995137573644797e-05
44a2d0319e3f,A,binary,2017,improved,random_70_30,dropped,logreg,11,1461592,626397,85,,73.4,0.9926011407067497,0.9945703348375965,0.9925646565182448,0.9852022916249251,0.9945705359380712,0.9886763086217016,0.9888915274809362,0.0035469955852120982
a0b98969d838,A,binary,2017,improved,random_70_30,dropped,logreg,23,1461592,626397,85,,69.0,0.9918516680620584,0.9940223328412072,0.9914862801898054,0.9837043638525165,0.994024556311732,0.9865658943869576,0.9887242395801663,0.003593334007346738
a6135c404b02,A,binary,2017,improved,random_70_30,dropped,logreg,37,1461592,626397,85,,76.3,0.9917637848096201,0.9939589531914957,0.9912207698690405,0.9835298416684471,0.9939622954771494,0.9859063899386001,0.9891158353017461,0.0034648502005190096
dcaeb82cd870,A,binary,2017,improved,random_70_30,dropped,logreg,51,1461592,626397,85,,74.8,0.992521177380367,0.9945122572180829,0.9923763700527308,0.9850425157316315,0.9945130643984565,0.9882344406413022,0.9890889648708234,0.003481700535840626
756621727fd1,A,binary,2017,improved,random_70_30,dropped,logreg,73,1461592,626397,85,,69.2,0.9917375298218714,0.9939373482771949,0.9915752947665667,0.9834752621485138,0.99393834900231,0.98699457227839,0.9879523639772382,0.0038439827452566577
492f3fc56ed8,A,binary,2017,improved,random_70_30,dropped,random_forest,11,1461592,626397,85,,127.4,0.9999369131872013,0.9999537027026136,0.9999200824889773,0.9998738285038111,0.9999537034819771,0.9998549090213613,0.999953830121229,1.4744043406511587e-05
dbe347288624,A,binary,2017,improved,random_70_30,dropped,random_forest,23,1461592,626397,85,,125.0,0.999949966305043,0.9999632817010552,0.9999398676224281,0.999899933376665,0.9999632820719129,0.9998944792882628,0.9999538319482918,1.4744043406511587e-05
7dd800e9b34b,A,binary,2017,improved,random_70_30,dropped,random_forest,37,1461592,626397,85,,121.1,0.9999390898249688,0.999955299612652,0.999932357516356,0.9998781799906301,0.9999552999136331,0.9998878842437793,0.9999274516399227,2.3169211067264328e-05
3456008de44e,A,binary,2017,improved,random_70_30,dropped,random_forest,51,1461592,626397,85,,127.1,0.99994344004397,0.9999584923111309,0.999932219431987,0.9998868810343305,0.9999584927769449,0.9998812891992956,0.999947236164333,1.6850335321727528e-05
890348f75885,A,binary,2017,improved,random_70_30,dropped,random_forest,73,1461592,626397,85,,128.6,0.9999477905754501,0.9999616851242729,0.9999343257239022,0.999895582513722,0.9999616856402569,0.9998812891992956,0.9999604266012386,1.2637751491295646e-05
0769e0f20a06,A,binary,2017,improved,random_70_30,dropped,xgboost,11,1461592,626397,85,,18.3,0.9999760711637866,0.9999824391926642,0.9999727047604771,0.9999521424127492,0.9999824392517844,0.999953834688615,0.9999736193001201,8.425167660863764e-06
bb7123651565,A,binary,2017,improved,random_70_30,dropped,xgboost,23,1461592,626397,85,,18.2,0.9999651946544048,0.9999744570935046,0.9999651946544048,0.9999303893088097,0.9999744570935046,0.9999472396441313,0.9999472396441313,1.6850335321727528e-05
a8b09424aa40,A,binary,2017,improved,random_70_30,dropped,xgboost,37,1461592,626397,85,,18.6,0.9999738958736284,0.9999808427771321,0.9999716516145194,0.9999477917851123,0.9999808428201284,0.999953834688615,0.9999670243426303,1.0531459576079705e-05
a7ffd576de84,A,binary,2017,improved,random_70_30,dropped,xgboost,51,1461592,626397,85,,18.4,0.9999804217733965,0.9999856320344769,0.9999748110523923,0.9999608437833963,0.9999856321150964,0.999953834688615,0.9999868094760724,4.212583830431882e-06
2757ccc2015a,A,binary,2017,improved,random_70_30,dropped,xgboost,73,1461592,626397,85,,18.6,0.9999804219491621,0.9999856320989728,0.9999792998049606,0.9999608439077882,0.9999856321150964,0.9999670247775821,0.9999736196480861,8.425167660863764e-06
e5cca5d10251,A,binary,2017,improved,day_ordered,as_attack,logreg,11,1190337,909631,85,,36.8,0.6448074000642268,0.694709410901009,0.6484974691280149,0.45757195490366365,0.742406536276798,0.2981133435661141,0.993543026468586,0.001118405310084336
9ee4c1a165c0,A,binary,2017,improved,day_ordered,as_attack,logreg,23,1190337,909631,85,,36.7,0.6448074000642268,0.694709410901009,0.6484974691280149,0.45757195490366365,0.742406536276798,0.2981133435661141,0.993543026468586,0.001118405310084336
a66188409876,A,binary,2017,improved,day_ordered,as_attack,logreg,37,1190337,909631,85,,36.6,0.6448074000642268,0.694709410901009,0.6484974691280149,0.45757195490366365,0.742406536276798,0.2981133435661141,0.993543026468586,0.001118405310084336
b30433288102,A,binary,2017,improved,day_ordered,as_attack,logreg,51,1190337,909631,85,,36.9,0.6448074000642268,0.694709410901009,0.6484974691280149,0.45757195490366365,0.742406536276798,0.2981133435661141,0.993543026468586,0.001118405310084336
5239785d7f18,A,binary,2017,improved,day_ordered,as_attack,logreg,73,1190337,909631,85,,36.4,0.6448074000642268,0.694709410901009,0.6484974691280149,0.45757195490366365,0.742406536276798,0.2981133435661141,0.993543026468586,0.001118405310084336
36e33e57d897,A,binary,2017,improved,day_ordered,as_attack,random_forest,11,1190337,909631,85,,81.1,0.6362057291843934,0.6878550564706226,0.6424636075558301,0.4490686238819953,0.7382872835248578,0.2849358849202654,0.9999472935223739,8.669808605255014e-06
833ec9a624d5,A,binary,2017,improved,day_ordered,as_attack,random_forest,23,1190337,909631,85,,82.2,0.6357103428087925,0.687454796654859,0.6421119365227068,0.448442931394037,0.7380289370085232,0.284236010777461,0.9999260308134497,1.2137732047445837e-05
9b8bd7fb5031,A,binary,2017,improved,day_ordered,as_attack,random_forest,37,1190337,909631,85,,81.9,0.6336338230750537,0.6857791267171327,0.6406433340342016,0.44585876667161994,0.736954875108698,0.2812953378770084,0.9999466114272901,8.669808605255014e-06
8d48d131bdb2,A,binary,2017,improved,day_ordered,as_attack,random_forest,51,1190337,909631,85,,83.5,0.6358998406974828,0.6876079372337668,0.642246470453588,0.44868313047590225,0.738127878227545,0.2845033446775022,0.9999366567428897,1.0403770326350426e-05
114a07395bb9,A,binary,2017,improved,day_ordered,as_attack,random_forest,73,1190337,909631,85,,83.6,0.6358440651120764,0.6875624432026067,0.6422063226149332,0.4486025377704909,0.7380970965149605,0.2844282508853558,0.9999049630411827,1.5605655489525638e-05
fadfecc24f76,A,binary,2017,improved,day_ordered,as_attack,xgboost,11,1190337,909631,85,,14.6,0.6325509342906607,0.6849045000549694,0.6398781829725169,0.44448544536403434,0.7363920095071518,0.27977543952396544,0.999881914699473,1.907357893171646e-05
30714c27439c,A,binary,2017,improved,day_ordered,as_attack,xgboost,23,1190337,909631,85,,12.3,0.6325509342906607,0.6849045000549694,0.6398781829725169,0.44448544536403434,0.7363920095071518,0.27977543952396544,0.999881914699473,1.907357893171646e-05
a3a5dbbcecbb,A,binary,2017,improved,day_ordered,as_attack,xgboost,37,1190337,909631,85,,14.1,0.6325509342906607,0.6849045000549694,0.6398781829725169,0.44448544536403434,0.7363920095071518,0.27977543952396544,0.999881914699473,1.907357893171646e-05
e46b77f25231,A,binary,2017,improved,day_ordered,as_attack,xgboost,51,1190337,909631,85,,14.4,0.6325509342906607,0.6849045000549694,0.6398781829725169,0.44448544536403434,0.7363920095071518,0.27977543952396544,0.999881914699473,1.907357893171646e-05
ac462c876474,A,binary,2017,improved,day_ordered,as_attack,xgboost,73,1190337,909631,85,,20.8,0.6325509342906607,0.6849045000549694,0.6398781829725169,0.44448544536403434,0.7363920095071518,0.27977543952396544,0.999881914699473,1.907357893171646e-05
0b0e1474a003,A,binary,2017,improved,day_ordered,as_benign,logreg,11,1190337,909631,85,,23.8,0.6478979740902959,0.700633504662825,0.6493019216741021,0.46096567142264794,0.7476779045569028,0.29964540634474823,0.9938405025013446,0.0010415629965441209
b339777e0762,A,binary,2017,improved,day_ordered,as_benign,logreg,23,1190337,909631,85,,23.6,0.6478979740902959,0.700633504662825,0.6493019216741021,0.46096567142264794,0.7476779045569028,0.29964540634474823,0.9938405025013446,0.0010415629965441209
b7149b2e1ad7,A,binary,2017,improved,day_ordered,as_benign,logreg,37,1190337,909631,85,,23.7,0.6478979740902959,0.700633504662825,0.6493019216741021,0.46096567142264794,0.7476779045569028,0.29964540634474823,0.9938405025013446,0.0010415629965441209
f40063eb0465,A,binary,2017,improved,day_ordered,as_benign,logreg,51,1190337,909631,85,,23.8,0.6478979740902959,0.700633504662825,0.6493019216741021,0.46096567142264794,0.7476779045569028,0.29964540634474823,0.9938405025013446,0.0010415629965441209
b49c26be56c6,A,binary,2017,improved,day_ordered,as_benign,logreg,73,1190337,909631,85,,23.6,0.6478979740902959,0.700633504662825,0.6493019216741021,0.46096567142264794,0.7476779045569028,0.29964540634474823,0.9938405025013446,0.0010415629965441209
303b447ca8eb,A,binary,2017,improved,day_ordered,as_benign,random_forest,11,1190337,909631,85,,82.2,0.6416192250459631,0.6957204682875279,0.644881644041817,0.4552138846815375,0.7447943176958569,0.28976328808363394,1.0,0.0
f44e0ccbbd1c,A,binary,2017,improved,day_ordered,as_benign,random_forest,23,1190337,909631,85,,79.2,0.6347657198294017,0.6902613714473996,0.6400070354970568,0.4466146964822338,0.7412906991956079,0.2800157869133831,0.9999890740234908,1.7159192694515824e-06
937c57e6bf98,A,binary,2017,improved,day_ordered,as_benign,random_forest,37,1190337,909631,85,,81.6,0.6401778507550974,0.6945714734708103,0.6438512712850104,0.4534016280402506,0.7440533579000715,0.28770425848929027,0.9999893660009783,1.7159192694515824e-06
5cda93607563,A,binary,2017,improved,day_ordered,as_benign,random_forest,51,1190337,909631,85,,82.5,0.6313681853377401,0.6875585153616125,0.6376129929152234,0.44235683256374514,0.739570221331507,0.2752277017497162,0.9999888839484216,1.7159192694515824e-06
43ef2538364e,A,binary,2017,improved,day_ordered,as_benign,random_forest,73,1190337,909631,85,,80.8,0.6411435439898374,0.6953411260216201,0.6445411838756857,0.4546133171931812,0.7445491633420585,0.2890840836706409,0.9999894167575062,1.7159192694515824e-06
8bb93ba0244a,A,binary,2017,improved,day_ordered,as_benign,xgboost,11,1190337,909631,85,,11.5,0.5113662442345288,0.5933380561292303,0.5618004384844519,0.2878528800434396,0.6850865900568472,0.123606024726712,0.9999257499257499,5.147757808243725e-06
7f57de7e5efd,A,binary,2017,improved,day_ordered,as_benign,xgboost,23,1190337,909631,85,,11.5,0.5113662442345288,0.5933380561292303,0.5618004384844519,0.2878528800434396,0.6850865900568472,0.123606024726712,0.9999257499257499,5.147757808243725e-06
6bd1ebe1eb4e,A,binary,2017,improved,day_ordered,as_benign,xgboost,37,1190337,909631,85,,11.2,0.5113662442345288,0.5933380561292303,0.5618004384844519,0.2878528800434396,0.6850865900568472,0.123606024726712,0.9999257499257499,5.147757808243725e-06
412684c58acb,A,binary,2017,improved,day_ordered,as_benign,xgboost,51,1190337,909631,85,,13.4,0.5113662442345288,0.5933380561292303,0.5618004384844519,0.2878528800434396,0.6850865900568472,0.123606024726712,0.9999257499257499,5.147757808243725e-06
ca43aa959c92,A,binary,2017,improved,day_ordered,as_benign,xgboost,73,1190337,909631,85,,13.4,0.5113662442345288,0.5933380561292303,0.5618004384844519,0.2878528800434396,0.6850865900568472,0.123606024726712,0.9999257499257499,5.147757808243725e-06
d93d1655ab8a,A,binary,2017,improved,day_ordered,dropped,logreg,11,1184422,903567,85,,23.8,0.6471526793888617,0.6987985852386804,0.6492905387562977,0.46045707584065687,0.7460099804441729,0.2995260866505738,0.9944639700952806,0.0009450091379782366
22651dbb4035,A,binary,2017,improved,day_ordered,dropped,logreg,23,1184422,903567,85,,23.6,0.6471526793888617,0.6987985852386804,0.6492905387562977,0.46045707584065687,0.7460099804441729,0.2995260866505738,0.9944639700952806,0.0009450091379782366
3588ab629f4d,A,binary,2017,improved,day_ordered,dropped,logreg,37,1184422,903567,85,,23.9,0.6471526793888617,0.6987985852386804,0.6492905387562977,0.46045707584065687,0.7460099804441729,0.2995260866505738,0.9944639700952806,0.0009450091379782366
29ac98a7a5f3,A,binary,2017,improved,day_ordered,dropped,logreg,51,1184422,903567,85,,23.7,0.6471526793888617,0.6987985852386804,0.6492905387562977,0.46045707584065687,0.7460099804441729,0.2995260866505738,0.9944639700952806,0.0009450091379782366
1b2e5dd9b9d2,A,binary,2017,improved,day_ordered,dropped,logreg,73,1184422,903567,85,,23.7,0.6471526793888617,0.6987985852386804,0.6492905387562977,0.46045707584065687,0.7460099804441729,0.2995260866505738,0.9944639700952806,0.0009450091379782366
7594d3f1980c,A,binary,2017,improved,day_ordered,dropped,random_forest,11,1184422,903567,85,,82.2,0.6384900629207172,0.6919407149486319,0.6431672644097328,0.45151369950524495,0.7418398414284718,0.2863397307046287,0.9999679466632476,5.201885163175213e-06
cfca4d80a05a,A,binary,2017,improved,day_ordered,dropped,random_forest,23,1184422,903567,85,,79.0,0.6408345568221139,0.693818864635827,0.6448403410707566,0.45446128472839753,0.7430517050755505,0.28968068214151316,1.0,0.0
3c685bc59598,A,binary,2017,improved,day_ordered,dropped,random_forest,37,1184422,903567,85,,80.7,0.6388872223693833,0.6922590391249115,0.6434504704705319,0.4520184196395843,0.7420456922397565,0.28690267490278504,0.9999893362907354,1.7339617210954117e-06
1fdf7152cdc6,A,binary,2017,improved,day_ordered,dropped,random_forest,51,1184422,903567,85,,79.4,0.6400927292265641,0.6932244722435618,0.6443101841644555,0.4535283187700625,0.7426676715727777,0.2886221022906322,0.9999893998176769,1.7339617210954117e-06
188cbd030897,A,binary,2017,improved,day_ordered,dropped,random_forest,73,1184422,903567,85,,81.0,0.6400970145899465,0.6932279046858338,0.6443132436437934,0.4535336868390802,0.7426698850223614,0.2886282212493078,0.9999894000423998,1.7339617210954117e-06
94b8226ba67e,A,binary,2017,improved,day_ordered,dropped,xgboost,11,1184422,903567,85,,10.9,0.5975614327736825,0.659323937532393,0.6150823653842356,0.40028317327360935,0.7215192675252637,0.23017686850051858,0.9999069656171502,1.2137732047445837e-05
8561a0140b76,A,binary,2017,improved,day_ordered,dropped,xgboost,23,1184422,903567,85,,10.6,0.5975614327736825,0.659323937532393,0.6150823653842356,0.40028317327360935,0.7215192675252637,0.23017686850051858,0.9999069656171502,1.2137732047445837e-05
53c2bd412918,A,binary,2017,improved,day_ordered,dropped,xgboost,37,1184422,903567,85,,10.9,0.5975614327736825,0.659323937532393,0.6150823653842356,0.40028317327360935,0.7215192675252637,0.23017686850051858,0.9999069656171502,1.2137732047445837e-05
0ebb35415776,A,binary,2017,improved,day_ordered,dropped,xgboost,51,1184422,903567,85,,10.6,0.5975614327736825,0.659323937532393,0.6150823653842356,0.40028317327360935,0.7215192675252637,0.23017686850051858,0.9999069656171502,1.2137732047445837e-05
4ae4dc932114,A,binary,2017,improved,day_ordered,dropped,xgboost,73,1184422,903567,85,,10.8,0.5975614327736825,0.659323937532393,0.6150823653842356,0.40028317327360935,0.7215192675252637,0.23017686850051858,0.9999069656171502,1.2137732047445837e-05
dfa557449b6f,B,binary,2017,label_original,random_70_30,n/a,logreg,11,1123493,481497,72,,,0.9656140217491438,0.9794685621373479,0.9821695001623931,0.9325863141672404,0.9791192883860128,0.9869138875641219,0.9047806938031203,0.02257488723933576
05925ebc6ce9,B,binary,2017,label_original,random_70_30,n/a,logreg,23,1123493,481497,72,,,0.9643540853754428,0.978703895041323,0.9814160146018571,0.9301527154875462,0.978330083053477,0.9862159615675418,0.901640913296396,0.02338393236382763
632bdaf768be,B,binary,2017,label_original,random_70_30,n/a,logreg,37,1123493,481497,72,,,0.9647431379088665,0.9789385881600725,0.9817174192074637,0.9309150466843286,0.9785709983655142,0.9866114529656039,0.9024631590147364,0.023176614550676544
30292fa5f396,B,binary,2017,label_original,random_70_30,n/a,logreg,51,1123493,481497,72,,,0.9647991718018701,0.9789748342308058,0.9816503993953074,0.9310069521392671,0.978610458632141,0.9863788109667438,0.9028171113429722,0.023078012176129148
4ef0c05e7dd5,B,binary,2017,label_original,random_70_30,n/a,logreg,73,1123493,481497,72,,,0.9650244261624867,0.9791105443229858,0.9818306865630317,0.9314493705411785,0.9787496079934039,0.9866230850655469,0.9032811152170903,0.022961711939483376
3d04e7ef8a99,B,binary,2017,label_original,random_70_30,n/a,random_forest,11,1123493,481497,72,,,0.9998583976295499,0.9999169261326111,0.9998629482573941,0.9997167953593359,0.9999169257544699,0.999778990101083,0.9997557315839062,5.309358629479455e-05
0795acf1c056,B,binary,2017,label_original,random_70_30,n/a,random_forest,23,1123493,481497,72,,,0.9998513148038414,0.9999127716451328,0.9998467642404867,0.9997026297079216,0.9999127720421934,0.999744093801254,0.999767352588784,5.056532028069327e-05
9955b7afa4b3,B,binary,2017,label_original,random_70_30,n/a,random_forest,37,1123493,481497,72,,,0.9999044188350162,0.9999439252671322,0.9999112454052368,0.9998088378955763,0.9999439248842672,0.999860414800684,0.9998255245894012,3.792399021051995e-05
4f90968c8ee6,B,binary,2017,label_original,random_70_30,n/a,random_forest,51,1123493,481497,72,,,0.999865472849234,0.9999210783889769,0.9998518207725147,0.9997309466006676,0.9999210794667465,0.999744093801254,0.9998138734106534,4.045225622462123e-05
688fc10e3b82,B,binary,2017,label_original,random_70_30,n/a,random_forest,73,1123493,481497,72,,,0.9999221186962525,0.9999543093729362,0.9999266699042008,0.99984423749275,0.9999543091649584,0.99988367900057,0.9998604180479465,3.0339192168438167e-05
253d282dac14,B,binary,2017,label_original,random_70_30,n/a,xgboost,11,1123493,481497,72,,,0.9999221172782027,0.9999543089569743,0.9999175660702718,0.9998442346566541,0.9999543091649584,0.999860414800684,0.999883676294392,2.5282660140346636e-05
10202ac44a3f,B,binary,2017,label_original,random_70_30,n/a,xgboost,23,1123493,481497,72,,,0.9999150378042578,0.999950155452682,0.9999150378042578,0.9998300756085156,0.999950155452682,0.999860414800684,0.999860414800684,3.0339192168438167e-05
9e2f793a9315,B,binary,2017,label_original,random_70_30,n/a,xgboost,37,1123493,481497,72,,,0.9999398181707395,0.9999646933652929,0.9999375424862004,0.9998796363665415,0.9999646934456498,0.999895311100513,0.9999069421179974,2.0226128112255104e-05
86666eddbf3b,B,binary,2017,label_original,random_70_30,n/a,xgboost,51,1123493,481497,72,,,0.9999221151509967,0.9999543083329832,0.9999039103193783,0.9998442319060613,0.9999543091649584,0.999825518500855,0.9999185677225718,1.769786209826485e-05
b4620931ace4,B,binary,2017,label_original,random_70_30,n/a,xgboost,73,1123493,481497,72,,,0.9999221179872362,0.9999543091649584,0.9999221179872362,0.9998442359744726,0.9999543091649584,0.9998720469006269,0.9998720469006269,2.7810926154447912e-05
6d96fa104baa,B,binary,2017,label_original,day_ordered,n/a,logreg,11,891643,713347,72,,,0.5610053149055643,0.714881994876036,0.5702276661471283,0.31130501194211346,0.780844385691676,0.14501899957778716,0.9147102109468077,0.004563667283530526
24b44794f6d1,B,binary,2017,label_original,day_ordered,n/a,logreg,23,891643,713347,72,,,0.5610053149055643,0.714881994876036,0.5702276661471283,0.31130501194211346,0.780844385691676,0.14501899957778716,0.9147102109468077,0.004563667283530526
50a7f9f00248,B,binary,2017,label_original,day_ordered,n/a,logreg,37,891643,713347,72,,,0.5610053149055643,0.714881994876036,0.5702276661471283,0.31130501194211346,0.780844385691676,0.14501899957778716,0.9147102109468077,0.004563667283530526
9cd2aa3fb3ad,B,binary,2017,label_original,day_ordered,n/a,logreg,51,891643,713347,72,,,0.5610053149055643,0.714881994876036,0.5702276661471283,0.31130501194211346,0.780844385691676,0.14501899957778716,0.9147102109468077,0.004563667283530526
1d3b7e29ef34,B,binary,2017,label_original,day_ordered,n/a,logreg,73,891643,713347,72,,,0.5610053149055643,0.714881994876036,0.5702276661471283,0.31130501194211346,0.780844385691676,0.14501899957778716,0.9147102109468077,0.004563667283530526
c947c7590554,B,binary,2017,label_original,day_ordered,n/a,random_forest,11,891643,713347,72,,,0.4340244822277736,0.6431629157475293,0.5028671928103714,0.061343294214703206,0.7490085470325101,0.005938756916512966,0.9074702886247877,0.00020437129577022262
9e55fa771312,B,binary,2017,label_original,day_ordered,n/a,random_forest,23,891643,713347,72,,,0.4340568663041999,0.6432041608761365,0.5029205946088606,0.06393839040549312,0.7490856483590735,0.005944312348614475,0.9511111111111111,0.00010312313089322345
dc386c03be36,B,binary,2017,label_original,day_ordered,n/a,random_forest,37,891643,713347,72,,,0.4340593249175903,0.6432076757522488,0.5029252820239012,0.0641835726731481,0.7490926575705793,0.005944312348614475,0.9553571428571429,9.374830081210206e-05
6b51c589004f,B,binary,2017,label_original,day_ordered,n/a,random_forest,51,891643,713347,72,,,0.43399244727155023,0.6431120629192121,0.5027977843347968,0.05797303530916603,0.7489020070176226,0.005944312348614475,0.8519108280254777,0.00034874367902082426
7d2413da3fc3,B,binary,2017,label_original,day_ordered,n/a,random_forest,73,891643,713347,72,,,0.4340514573215574,0.6431964280676761,0.5029102822957713,0.0634039020743568,0.7490702280937608,0.005944312348614475,0.9419014084507042,0.00012374775707191255
b42c90851a1b,B,binary,2017,label_original,day_ordered,n/a,xgboost,11,891643,713347,72,,,0.45719655362174116,0.6562784242366372,0.5141901359565074,0.1457187373417911,0.7548009594208709,0.028427146063420814,0.9951380785686503,4.687415040605103e-05
8f0eb45656c6,B,binary,2017,label_original,day_ordered,n/a,xgboost,23,891643,713347,72,,,0.45719655362174116,0.6562784242366372,0.5141901359565074,0.1457187373417911,0.7548009594208709,0.028427146063420814,0.9951380785686503,4.687415040605103e-05
7c45fbf8abfb,B,binary,2017,label_original,day_ordered,n/a,xgboost,37,891643,713347,72,,,0.45719655362174116,0.6562784242366372,0.5141901359565074,0.1457187373417911,0.7548009594208709,0.028427146063420814,0.9951380785686503,4.687415040605103e-05
a49e01520ac3,B,binary,2017,label_original,day_ordered,n/a,xgboost,51,891643,713347,72,,,0.45719655362174116,0.6562784242366372,0.5141901359565074,0.1457187373417911,0.7548009594208709,0.028427146063420814,0.9951380785686503,4.687415040605103e-05
5813d83cea7d,B,binary,2017,label_original,day_ordered,n/a,xgboost,73,891643,713347,72,,,0.45719655362174116,0.6562784242366372,0.5141901359565074,0.1457187373417911,0.7548009594208709,0.028427146063420814,0.9951380785686503,4.687415040605103e-05
09217ab676d3,B,binary,2017,label_improved,random_70_30,n/a,logreg,11,1123493,481497,72,,,0.9906604318671483,0.9936032413194261,0.9916127922440097,0.9813267332016453,0.9935970525257686,0.9880815800202907,0.9827794333999774,0.00485599553227134
6664a8a86138,B,binary,2017,label_improved,random_70_30,n/a,logreg,23,1123493,481497,72,,,0.9910500770471006,0.9938694654157771,0.9921070495650173,0.9821073730792642,0.9938628901114649,0.9889823357069035,0.9831005296989576,0.004768236576868867
d86d6d350f37,B,binary,2017,label_improved,random_70_30,n/a,logreg,37,1123493,481497,72,,,0.9913196642715851,0.9940541176354007,0.9923788924084309,0.9826465729749839,0.9940477303077693,0.9894090094531939,0.9835153959980772,0.004651224636332163
f7ab942c91b3,B,binary,2017,label_improved,random_70_30,n/a,logreg,51,1123493,481497,72,,,0.990824890956232,0.9937156024622668,0.9918278146314665,0.9816562868137845,0.9937092027572342,0.9884796996188345,0.9828972799698298,0.004824070355901489
d601e2a1f3e3,B,binary,2017,label_improved,random_70_30,n/a,logreg,73,1123493,481497,72,,,0.9911191216149013,0.9939159512254129,0.99231363829022,0.9822474562473186,0.9939085809465065,0.9894752811332562,0.9828308799291762,0.0048480045528160876
3b4ff03a3382,B,binary,2017,label_improved,random_70_30,n/a,random_forest,11,1123493,481497,72,,,0.9998816232203427,0.9999190019198505,0.9998730973937071,0.9997632469012664,0.9999190026106082,0.9997914039462581,0.9998388044983028,4.5209158843761976e-05
a934b33ecf2d,B,binary,2017,label_improved,random_70_30,n/a,random_forest,23,1123493,481497,72,,,0.9998664444321456,0.9999086167712287,0.999849393296691,0.9997328907066421,0.999908618329917,0.9997439957522258,0.9998387968555904,4.5209158843761976e-05
dd0742053343,B,binary,2017,label_improved,random_70_30,n/a,random_forest,37,1123493,481497,72,,,0.9998846620633549,0.9999210800051489,0.9998914827661535,0.9997693244214648,0.9999210794667465,0.9998388121402904,0.999800893136502,5.58466079834119e-05
c57223acc649,B,binary,2017,label_improved,random_70_30,n/a,random_forest,51,1123493,481497,72,,,0.9998998329824007,0.9999314626953156,0.9998844857172814,0.9997996674571813,0.9999314637474377,0.9998008836971156,0.9998862095451226,3.1912262552835635e-05
96a85751a41f,B,binary,2017,label_improved,random_70_30,n/a,random_forest,73,1123493,481497,72,,,0.9999028680152133,0.9999335394699682,0.9998858153948877,0.9998057378728907,0.999933540603576,0.9998008836971156,0.999895691093916,2.9252907340127088e-05
f15a1ea63631,B,binary,2017,label_improved,random_70_30,n/a,xgboost,11,1123493,481497,72,,,0.9999332267716825,0.9999543099441919,0.9999502801853013,0.9998664553856262,0.9999543091649584,0.9999431101671613,0.999848308161969,4.254979655882174e-05
362a4be3fd49,B,binary,2017,label_improved,random_70_30,n/a,xgboost,23,1123493,481497,72,,,0.999911978042342,0.9999397712747143,0.9999136833112179,0.9998239561031073,0.9999397711719907,0.9998672570567096,0.9998577767664125,3.98904342738815e-05
c1d74accecbd,B,binary,2017,label_improved,random_70_30,n/a,xgboost,37,1123493,481497,72,,,0.9999392974792642,0.9999584637272956,0.9999597618241076,0.9998785976113699,0.999958462877235,0.9999620734447742,0.9998483110382161,4.254979655882174e-05
863e642d2b02,B,binary,2017,label_improved,random_70_30,n/a,xgboost,51,1123493,481497,72,,,0.9999301890055892,0.9999522323902919,0.9999318943608253,0.9998603780296024,0.9999522323088202,0.9998957009842034,0.9998862203343226,3.1912262552835635e-05
2363eb9b8613,B,binary,2017,label_improved,random_70_30,n/a,xgboost,73,1123493,481497,72,,,0.9999392949945431,0.9999584630189238,0.9999427057671404,0.9998785900627823,0.999958462877235,0.999914664441621,0.9998957029620359,2.9252907340127088e-05
21eedcea1500,B,binary,2017,label_improved,day_ordered,n/a,logreg,11,891643,713347,72,,,0.6222951769030971,0.6897345663506268,0.6276218852194754,0.42512576023659027,0.7441553689859213,0.25690335507350087,0.9877682572124833,0.0016595846345500709
830d788031cf,B,binary,2017,label_improved,day_ordered,n/a,logreg,23,891643,713347,72,,,0.6222951769030971,0.6897345663506268,0.6276218852194754,0.42512576023659027,0.7441553689859213,0.25690335507350087,0.9877682572124833,0.0016595846345500709
b891e00be45d,B,binary,2017,label_improved,day_ordered,n/a,logreg,37,891643,713347,72,,,0.6222951769030971,0.6897345663506268,0.6276218852194754,0.42512576023659027,0.7441553689859213,0.25690335507350087,0.9877682572124833,0.0016595846345500709
ca1a639f6436,B,binary,2017,label_improved,day_ordered,n/a,logreg,51,891643,713347,72,,,0.6222951769030971,0.6897345663506268,0.6276218852194754,0.42512576023659027,0.7441553689859213,0.25690335507350087,0.9877682572124833,0.0016595846345500709
505eb280db34,B,binary,2017,label_improved,day_ordered,n/a,logreg,73,891643,713347,72,,,0.6222951769030971,0.6897345663506268,0.6276218852194754,0.42512576023659027,0.7441553689859213,0.25690335507350087,0.9877682572124833,0.0016595846345500709
c47c480f0ca4,B,binary,2017,label_improved,day_ordered,n/a,random_forest,11,891643,713347,72,,,0.4078845072015216,0.5295230609729518,0.5052658227968494,0.08285747890987127,0.6607695833864865,0.010574308437774734,0.9923254029163469,4.266284407583587e-05
65465b6ad041,B,binary,2017,label_improved,day_ordered,n/a,random_forest,23,891643,713347,72,,,0.40837967768110583,0.5298870487378867,0.5054999657720323,0.08473105034438139,0.660930795251119,0.011040461245936497,0.9930121368150056,4.052970187207183e-05
8e905782ab50,B,binary,2017,label_improved,day_ordered,n/a,random_forest,37,891643,713347,72,,,0.4027584456272431,0.5257598133564416,0.5028625222521697,0.060775163374328846,0.6591224186826328,0.005765574206211281,0.986703988803359,4.052970187207183e-05
ba17343c22a0,B,binary,2017,label_improved,day_ordered,n/a,random_forest,51,891643,713347,72,,,0.4052657177806691,0.5276000208792436,0.5040350158209136,0.07237110721770904,0.6599256743211929,0.008112694485902967,0.9900199600798403,4.266284407583587e-05
50702b331d83,B,binary,2017,label_improved,day_ordered,n/a,random_forest,73,891643,713347,72,,,0.40215008659203166,0.5253136282872348,0.5025793991726817,0.05765577009510894,0.6589289644450738,0.005197194905031588,0.9860356865787432,3.8396559668307795e-05
cd197743d75c,B,binary,2017,label_improved,day_ordered,n/a,xgboost,11,891643,713347,72,,,0.4528828679107889,0.5626771922239253,0.5272880774321568,0.19087077118949577,0.675863219442992,0.05463801598822351,0.9978343663654693,6.186112390993426e-05
329c7dc618c0,B,binary,2017,label_improved,day_ordered,n/a,xgboost,23,891643,713347,72,,,0.4528828679107889,0.5626771922239253,0.5272880774321568,0.19087077118949577,0.675863219442992,0.05463801598822351,0.9978343663654693,6.186112390993426e-05
df4006db51d6,B,binary,2017,label_improved,day_ordered,n/a,xgboost,37,891643,713347,72,,,0.4528828679107889,0.5626771922239253,0.5272880774321568,0.19087077118949577,0.675863219442992,0.05463801598822351,0.9978343663654693,6.186112390993426e-05
a69e9881dbcb,B,binary,2017,label_improved,day_ordered,n/a,xgboost,51,891643,713347,72,,,0.4528828679107889,0.5626771922239253,0.5272880774321568,0.19087077118949577,0.675863219442992,0.05463801598822351,0.9978343663654693,6.186112390993426e-05
84a5950c56eb,B,binary,2017,label_improved,day_ordered,n/a,xgboost,73,891643,713347,72,,,0.4528828679107889,0.5626771922239253,0.5272880774321568,0.19087077118949577,0.675863219442992,0.05463801598822351,0.9978343663654693,6.186112390993426e-05
c74c4661f5c2,A,binary,2018,original,random_70_30,as_attack,logreg,11,3149998,1350000,79,,195.7,0.9042551029910073,0.9463499306644565,0.9010862851912298,0.8085717818723925,0.9465622222222222,0.8323291986611537,0.8490573616838948,0.03015662827869403
d4e4528b0ce4,A,binary,2018,original,random_70_30,as_attack,logreg,23,3149998,1350000,79,,157.8,0.9008604602367809,0.9442626590939431,0.9003773380863248,0.8017223477132699,0.9442962962962963,0.8339743169040275,0.8365070239573779,0.03321964073137784
088253b00b03,A,binary,2018,original,random_70_30,as_attack,logreg,37,3149998,1350000,79,,162.9,0.9085686593110206,0.9488964619994893,0.903312331112802,0.8173061829618539,0.9492303703703704,0.8338868106145129,0.8617619663414149,0.027262148388908947
e1c9814cf3f7,A,binary,2018,original,random_70_30,as_attack,logreg,51,3149998,1350000,79,,175.6,0.9056105299940499,0.9471494830951186,0.9018200175809479,0.8113090590237376,0.9473992592592593,0.8329067401719499,0.8529432849730718,0.029266705010054017
2dca0e3288cc,A,binary,2018,original,random_70_30,as_attack,logreg,73,3149998,1350000,79,,167.9,0.9072645819656162,0.9481402256756878,0.902451387521274,0.8146710389162337,0.9484511111111111,0.8329023648574742,0.8584080373730633,0.02799958981492623
65bea0a73e3b,A,binary,2018,original,random_70_30,as_attack,random_forest,11,3149998,1350000,79,,213.3,0.9782750951854142,0.9878652289220244,0.9715003755241243,0.956778928955013,0.9879525925925926,0.9466255387105948,0.9815580185191066,0.003624787662346307
92cad2b45718,A,binary,2018,original,random_70_30,as_attack,random_forest,23,3149998,1350000,79,,215.6,0.9787291369078648,0.9881203413739982,0.9718279294631151,0.957695466526307,0.9882074074074074,0.9470630701581676,0.9826536588023261,0.0034072112319373238
f586b3988763,A,binary,2018,original,random_70_30,as_attack,random_forest,37,3149998,1350000,79,,225.5,0.978524065593932,0.9880056207976541,0.9716408253836142,0.9572842059569762,0.9880933333333334,0.9467655487738181,0.9822646905286093,0.0034838980065896585
fdf6b2328729,A,binary,2018,original,random_70_30,as_attack,random_forest,51,3149998,1350000,79,,230.8,0.978623012272072,0.9880612284527918,0.9717108422660234,0.9574840528179187,0.9881488888888889,0.9468574303778085,0.9825071959757017,0.003435745845761451
8693a1e8a59f,A,binary,2018,original,random_70_30,as_attack,random_forest,73,3149998,1350000,79,,218.2,0.978960126097129,0.9882486569156882,0.9721114450481531,0.9581536449514841,0.988334074074074,0.9475837325807792,0.9828949279308717,0.0033608424844731033
d56b7510d4b5,A,binary,2018,original,random_70_30,as_attack,xgboost,11,3149998,1350000,79,,33.9,0.9816594035339551,0.9897938095159484,0.971269159089023,0.9638603690270657,0.9899066666666667,0.9430902846142066,0.9971364731897098,0.0005519664361605114
3f3e30e0bc91,A,binary,2018,original,random_70_30,as_attack,xgboost,23,3149998,1350000,79,,33.9,0.9818904348182382,0.9899210431467212,0.9716210092699125,0.9643092862406635,0.9900311111111111,0.9437859596158474,0.9971800644424618,0.0005439410760224028
7ecc0b415020,A,binary,2018,original,random_70_30,as_attack,xgboost,37,3149998,1350000,79,,34.4,0.981777846067821,0.9898604525718673,0.9713162531053007,0.9641047098076679,0.9899733333333334,0.9431077858721095,0.9975333780688155,0.0004752796615081767
ff7e13658aa7,A,binary,2018,original,random_70_30,as_attack,xgboost,51,3149998,1350000,79,,34.0,0.9819421844062771,0.9899507735380025,0.971583551532194,0.9644221408062552,0.9900614814814814,0.943645949552624,0.9975163265683681,0.00047884648823615095
d97abb705b73,A,binary,2018,original,random_70_30,as_attack,xgboost,73,3149998,1350000,79,,33.9,0.9820333798905118,0.9900001509271871,0.9718036845746729,0.9645907946166908,0.9901088888888889,0.9441272341449541,0.9973055165273977,0.000519864995608299
649695503a42,A,binary,2018,original,random_70_30,as_attack,mlp,11,3149998,1350000,79,,86.2,0.9797225057910823,0.9887207117143116,0.9689751749149417,0.9600285137677363,0.9888503703703704,0.9389249852333137,0.9949325185799925,0.0009746354034303462
bda8116e0a08,A,binary,2018,original,random_70_30,as_attack,mlp,23,3149998,1350000,79,,131.9,0.980593487848245,0.989203538219366,0.9699720687497846,0.9617551765163797,0.9893259259259259,0.9407101135394107,0.996020624192196,0.0007659760398414095
b3e19edba4fd,A,binary,2018,original,random_70_30,as_attack,mlp,37,3149998,1350000,79,,86.5,0.9800290584039301,0.9888906630908287,0.9693232739233624,0.9606365111956433,0.9890177777777778,0.939546279888867,0.9953232258154227,0.0008997320421421096
6463d9ecc4bc,A,binary,2018,original,random_70_30,as_attack,mlp,51,3149998,1350000,79,,109.3,0.9802101757260884,0.9889941676772894,0.9692629170211076,0.9610254773594115,0.989122962962963,0.9392356325610903,0.996305630201009,0.0007097985188752043
e5a1572edc37,A,binary,2018,original,random_70_30,as_attack,mlp,73,3149998,1350000,79,,111.1,0.9805207004985277,0.9891619658890266,0.9699954256184595,0.9615992364025182,0.9892837037037037,0.940832622344731,0.9956291439789606,0.0008417711078118062
f75e001cdae4,A,binary,2018,original,day_ordered,as_attack,logreg,11,3458008,1041990,79,,170.7,0.6141994851419181,0.7037643974758018,0.6106856433370231,0.3265855855832602,0.7477845276826073,0.2631844234231949,0.7321075837742504,0.04181313674914866
af9cb17d0f77,A,binary,2018,original,day_ordered,as_attack,logreg,23,3458008,1041990,79,,170.7,0.6141994851419181,0.7037643974758018,0.6106856433370231,0.3265855855832602,0.7477845276826073,0.2631844234231949,0.7321075837742504,0.04181313674914866
bef0df198ec9,A,binary,2018,original,day_ordered,as_attack,logreg,37,3458008,1041990,79,,169.9,0.6141994851419181,0.7037643974758018,0.6106856433370231,0.3265855855832602,0.7477845276826073,0.2631844234231949,0.7321075837742504,0.04181313674914866
1a479c873594,A,binary,2018,original,day_ordered,as_attack,logreg,51,3458008,1041990,79,,170.0,0.6141994851419181,0.7037643974758018,0.6106856433370231,0.3265855855832602,0.7477845276826073,0.2631844234231949,0.7321075837742504,0.04181313674914866
8f1d22a7d6b2,A,binary,2018,original,day_ordered,as_attack,logreg,73,3458008,1041990,79,,170.0,0.6141994851419181,0.7037643974758018,0.6106856433370231,0.3265855855832602,0.7477845276826073,0.2631844234231949,0.7321075837742504,0.04181313674914866
d8374cf0087f,A,binary,2018,original,day_ordered,as_attack,random_forest,11,3458008,1041990,79,,248.3,0.6194974237124,0.7108551207593478,0.6162407713000699,0.3756975616777991,0.760419005940556,0.2507956937435013,0.8560252761877969,0.018314151143361324
52d2ae74b401,A,binary,2018,original,day_ordered,as_attack,random_forest,23,3458008,1041990,79,,226.1,0.6294824873528548,0.7177842808271527,0.6233945552324658,0.3900263243731341,0.76468200270636,0.2652766858563059,0.8616869008268718,0.018487575391374467
9c1db340fc58,A,binary,2018,original,day_ordered,as_attack,random_forest,37,3458008,1041990,79,,218.0,0.6285953285246586,0.7171853308831313,0.6227609897611952,0.3890067856850516,0.7643537845852647,0.26386916385584946,0.8619611254362256,0.018347184333459055
a9c774171a1a,A,binary,2018,original,day_ordered,as_attack,random_forest,51,3458008,1041990,79,,224.7,0.5657286358737048,0.6737527633943143,0.5798726154514173,0.2940210433082858,0.7383621723816928,0.17815297608480637,0.8077674926694647,0.018407745181971635
812b5c462c1f,A,binary,2018,original,day_ordered,as_attack,random_forest,73,3458008,1041990,79,,227.3,0.6308166741085435,0.71871649405679,0.6243630813297576,0.39200160893495506,0.7652722195030662,0.2672041033704446,0.8626092473954602,0.01847794071092934
a978db718827,A,binary,2018,original,day_ordered,as_attack,xgboost,11,3458008,1041990,79,,34.7,0.5593932577782917,0.6682757768438456,0.5745735412981984,0.2669944434420728,0.7322594266739604,0.17489094874591057,0.746808712249401,0.02574386614951374
c05a1947cc7a,A,binary,2018,original,day_ordered,as_attack,xgboost,23,3458008,1041990,79,,34.2,0.5593932577782917,0.6682757768438456,0.5745735412981984,0.2669944434420728,0.7322594266739604,0.17489094874591057,0.746808712249401,0.02574386614951374
dac7cbd54468,A,binary,2018,original,day_ordered,as_attack,xgboost,37,3458008,1041990,79,,36.9,0.5593932577782917,0.6682757768438456,0.5745735412981984,0.2669944434420728,0.7322594266739604,0.17489094874591057,0.746808712249401,0.02574386614951374
9899dbc1e53b,A,binary,2018,original,day_ordered,as_attack,xgboost,51,3458008,1041990,79,,35.3,0.5593932577782917,0.6682757768438456,0.5745735412981984,0.2669944434420728,0.7322594266739604,0.17489094874591057,0.746808712249401,0.02574386614951374
c96c831c8227,A,binary,2018,original,day_ordered,as_attack,xgboost,73,3458008,1041990,79,,35.0,0.5593932577782917,0.6682757768438456,0.5745735412981984,0.2669944434420728,0.7322594266739604,0.17489094874591057,0.746808712249401,0.02574386614951374
0c1fb7b7b639,A,binary,2018,original,day_ordered,as_attack,mlp,11,3458008,1041990,79,,112.7,0.6752001832378641,0.750762831738156,0.6578986374536597,0.4682475537005565,0.7881390416414745,0.3277814409981994,0.922331742562776,0.011984166090879822
82da415de92b,A,binary,2018,original,day_ordered,as_attack,mlp,23,3458008,1041990,79,,145.5,0.6599909564676196,0.7280839935181262,0.6482326975463102,0.34745066548040165,0.7476021842819989,0.3963632674799016,0.6327146124729267,0.0998978723872811
7424c9137b9d,A,binary,2018,original,day_ordered,as_attack,mlp,37,3458008,1041990,79,,120.7,0.6690312216543286,0.7465186439879226,0.6531198121686994,0.46123360712836603,0.7855833549266308,0.3173676802515787,0.9252758831031996,0.011128055914179757
00e03ba47c78,A,binary,2018,original,day_ordered,as_attack,mlp,51,3458008,1041990,79,,130.3,0.6689995735627532,0.7464776117057582,0.6530957916757554,0.460909020999106,0.7855123369706043,0.31746278308944736,0.9244083004098512,0.011271199737936666
e09edd2f5b56,A,binary,2018,original,day_ordered,as_attack,mlp,73,3458008,1041990,79,,138.3,0.7138529228933815,0.778000472883092,0.6893652973005006,0.5190246249023727,0.8062409428113514,0.3931234308031752,0.9222337078985923,0.01439283620217413
0c1b57f74342,A,binary,2018,improved,random_70_30,as_attack,logreg,11,3150000,1350000,85,,49.8,0.9920013820015428,0.9981751576231745,0.990989305809348,0.9840054782712451,0.9981770370370371,0.9828067310855764,0.9871490465816464,0.0008281194668803282
ecfdd2e6bc0a,A,binary,2018,improved,random_70_30,as_attack,logreg,23,3150000,1350000,85,,40.9,0.9905864855979185,0.9978532201470992,0.9891831604999572,0.9811782149256669,0.9978562962962962,0.9793095885069516,0.9853368479127077,0.0009432675070369934
b095f946b228,A,binary,2018,improved,random_70_30,as_attack,logreg,37,3150000,1350000,85,,47.7,0.9916247923585231,0.9980895622142879,0.990448209505062,0.9832532586891551,0.9980918518518519,0.9817466216627877,0.9867968204588043,0.0008502026526637785
4a95d8714cd4,A,binary,2018,improved,random_70_30,as_attack,logreg,51,3150000,1350000,85,,43.6,0.9911114003490942,0.9979724195509742,0.9899528371119843,0.9822263669079475,0.9979748148148149,0.98082054906357,0.9857935409599158,0.0009148748396011763
aaaf0106e25c,A,binary,2018,improved,random_70_30,as_attack,logreg,73,3150000,1350000,85,,43.9,0.9915655729126878,0.99807576301408,0.990537587080467,0.9831339490629631,0.9980777777777777,0.9819537694810337,0.9863647490820073,0.0008785953200997065
21bf2a195f88,A,binary,2018,improved,random_70_30,as_attack,random_forest,11,3150000,1350000,85,,285.3,0.9998734854880951,0.9999711088884049,0.9997965787090239,0.9997469863157061,0.9999711111111111,0.9995978895292871,0.9999268649439298,4.732111239302839e-06
270b12fecdfa,A,binary,2018,improved,random_70_30,as_attack,random_forest,23,3150000,1350000,85,,270.9,0.9998702407867213,0.9999703680062229,0.9997904861261343,0.999740498070354,0.9999703703703704,0.9995857043635079,0.9999268640524629,4.732111239302839e-06
22eb38439d5d,A,binary,2018,improved,random_70_30,as_attack,random_forest,37,3150000,1350000,85,,282.8,0.999866991500001,0.9999696266004269,0.9997672988223858,0.9997340087783347,0.9999696296296297,0.9995369637003911,0.9999634289057928,2.3660556196514193e-06
d5240fd30a34,A,binary,2018,improved,random_70_30,as_attack,random_forest,51,3150000,1350000,85,,285.1,0.9998929504793597,0.9999755538141418,0.9998217377257888,0.9997859141100356,0.9999755555555555,0.9996466301924037,0.9999512444845323,3.1547408262389e-06
6481fe4d0675,A,binary,2018,improved,random_70_30,as_attack,random_forest,73,3150000,1350000,85,,262.3,0.9998734854880951,0.9999711088884049,0.9997965787090239,0.9997469863157061,0.9999711111111111,0.9995978895292871,0.9999268649439298,4.732111239302839e-06
005d50860f91,A,binary,2018,improved,random_70_30,as_attack,xgboost,11,3150000,1350000,85,,40.2,0.99992215157087,0.9999822216143621,0.9998879674523677,0.999844306171511,0.9999822222222222,0.9997806670159748,0.9999268783133264,4.732111239302839e-06
f1ca734c2c56,A,binary,2018,improved,random_70_30,as_attack,xgboost,23,3150000,1350000,85,,39.5,0.9999513444545209,0.9999888884773144,0.9999143094969425,0.9999026924650392,0.9999888888888889,0.9998294076790915,0.9999878129036975,7.886852065874805e-07
b59cdca95cc0,A,binary,2018,improved,random_70_30,as_attack,xgboost,37,3150000,1350000,85,,38.2,0.9999318868941999,0.9999844444001246,0.9999290381621817,0.9998637738094376,0.9999844444444445,0.9998659631764291,0.9998781468574075,7.886852065541738e-06
072d9d8da50c,A,binary,2018,improved,random_70_30,as_attack,xgboost,51,3150000,1350000,85,,38.4,0.9999253973810978,0.9999829626231636,0.99990545651583,0.9998507957931064,0.999982962962963,0.9998172225133123,0.9999025103582745,6.309481652366777e-06
3f41e90bc600,A,binary,2018,improved,random_70_30,as_attack,xgboost,73,3150000,1350000,85,,38.9,0.9999318861179356,0.9999844443114828,0.9999233399218954,0.9998637724252158,0.9999844444444445,0.9998537780106498,0.9998903294989276,7.098166858954258e-06
bed890a28173,A,binary,2018,improved,random_70_30,as_attack,mlp,11,3150000,1350000,85,,94.4,0.9989515429983133,0.9997606472670388,0.9985620320732895,0.9979034807810719,0.9997607407407407,0.9971974118707885,0.9988648846576346,7.334772420941604e-05
1d1c4a9168cb,A,binary,2018,improved,random_70_30,as_attack,mlp,23,3150000,1350000,85,,94.4,0.998918873380692,0.9997532130228777,0.9984327273609579,0.9978383620154389,0.9997533333333334,0.9969293382236465,0.9990109407052847,6.388350173081037e-05
cdaf4f5f821f,A,binary,2018,improved,random_70_30,as_attack,mlp,37,3150000,1350000,85,,102.0,0.9989514353515121,0.9997606349733594,0.9985107479107127,0.9979033761451526,0.9997607407407407,0.9970877453787759,0.9989745092294169,6.624955735046179e-05
a0951ee289b5,A,binary,2018,improved,random_70_30,as_attack,mlp,51,3150000,1350000,85,,87.5,0.998890090610876,0.9997465929962491,0.9986001254861179,0.9977803999467512,0.9997466666666667,0.9972948931970219,0.9985359604709327,9.464222478627882e-05
3b9b11c25af6,A,binary,2018,improved,random_70_30,as_attack,mlp,73,3150000,1350000,85,,95.5,0.9987379981477589,0.9997118181831055,0.9986214790657679,0.9974760316013461,0.9997118518518519,0.9973801893574762,0.9978787213810255,0.0001372312259402264
b2441a364fab,A,binary,2018,improved,day_ordered,as_attack,logreg,11,2685309,1814691,85,,38.3,0.9351453532989422,0.9844747202808419,0.8961339736963055,0.8760883986352087,0.985215113757659,0.7932284872798274,0.983461323297564,0.0009605398872163384
2fa4c2ed7718,A,binary,2018,improved,day_ordered,as_attack,logreg,23,2685309,1814691,85,,38.3,0.9351453532989422,0.9844747202808419,0.8961339736963055,0.8760883986352087,0.985215113757659,0.7932284872798274,0.983461323297564,0.0009605398872163384
052fdd4522e9,A,binary,2018,improved,day_ordered,as_attack,logreg,37,2685309,1814691,85,,38.6,0.9351453532989422,0.9844747202808419,0.8961339736963055,0.8760883986352087,0.985215113757659,0.7932284872798274,0.983461323297564,0.0009605398872163384
24c133be3197,A,binary,2018,improved,day_ordered,as_attack,logreg,51,2685309,1814691,85,,38.2,0.9351453532989422,0.9844747202808419,0.8961339736963055,0.8760883986352087,0.985215113757659,0.7932284872798274,0.983461323297564,0.0009605398872163384
06fe33c4fa00,A,binary,2018,improved,day_ordered,as_attack,logreg,73,2685309,1814691,85,,39.6,0.9351453532989422,0.9844747202808419,0.8961339736963055,0.8760883986352087,0.985215113757659,0.7932284872798274,0.983461323297564,0.0009605398872163384
10c937b8ceb7,A,binary,2018,improved,day_ordered,as_attack,random_forest,11,2685309,1814691,85,,197.1,0.9279160982919197,0.9829340194914993,0.8805890409285406,0.8650015928856956,0.983953190928924,0.7611839892364615,0.9998922332503529,5.907379380221123e-06
aae56dfb515b,A,binary,2018,improved,day_ordered,as_attack,random_forest,23,2685309,1814691,85,,193.6,0.900864459979829,0.976969207387714,0.8424490328887024,0.8183037413230018,0.9788294536094575,0.6849039731567851,0.9998802323492425,5.907379380221123e-06
a1cef7931e85,A,binary,2018,improved,day_ordered,as_attack,random_forest,37,2685309,1814691,85,,207.6,0.9191471829844382,0.9809775288521374,0.8678729702764113,0.8496621127523253,0.9822449111170993,0.7357518479322028,0.9998885085792648,5.907379380221123e-06
ba141ffbdc14,A,binary,2018,improved,day_ordered,as_attack,random_forest,51,2685309,1814691,85,,209.5,0.8880681295244077,0.974217199602669,0.8254830380948279,0.7968164956018847,0.9765497266476773,0.6509725743069742,0.9998613911290323,6.498117318232133e-06
10c88402cfdb,A,binary,2018,improved,day_ordered,as_attack,random_forest,73,2685309,1814691,85,,199.1,0.9013435083491297,0.9770730622944768,0.8430971422961335,0.8191152036340119,0.9789165207740601,0.6862001919716473,0.9998804585609602,5.907379380221123e-06
84621bd2797b,A,binary,2018,improved,day_ordered,as_attack,xgboost,11,2685309,1814691,85,,33.1,0.8618592599503938,0.9687071309400459,0.792684075097853,0.7538673565926003,0.9721440179071809,0.5853740575750863,0.9998598713619102,5.907379380221123e-06
1d74c4b03f95,A,binary,2018,improved,day_ordered,as_attack,xgboost,23,2685309,1814691,85,,32.5,0.8618592599503938,0.9687071309400459,0.792684075097853,0.7538673565926003,0.9721440179071809,0.5853740575750863,0.9998598713619102,5.907379380221123e-06
af83bacda955,A,binary,2018,improved,day_ordered,as_attack,xgboost,37,2685309,1814691,85,,32.4,0.8618592599503938,0.9687071309400459,0.792684075097853,0.7538673565926003,0.9721440179071809,0.5853740575750863,0.9998598713619102,5.907379380221123e-06
b36116a77b77,A,binary,2018,improved,day_ordered,as_attack,xgboost,51,2685309,1814691,85,,31.7,0.8618592599503938,0.9687071309400459,0.792684075097853,0.7538673565926003,0.9721440179071809,0.5853740575750863,0.9998598713619102,5.907379380221123e-06
95705546cef4,A,binary,2018,improved,day_ordered,as_attack,xgboost,73,2685309,1814691,85,,32.7,0.8618592599503938,0.9687071309400459,0.792684075097853,0.7538673565926003,0.9721440179071809,0.5853740575750863,0.9998598713619102,5.907379380221123e-06
af7af579e008,A,binary,2018,improved,day_ordered,as_attack,mlp,11,2685309,1814691,85,,68.5,0.8156835797868729,0.9593423652519114,0.7408783065503705,0.6804680921144374,0.9651025987344402,0.48185703855020384,0.9971139971139971,0.00010042544946298193
76da040d01e5,A,binary,2018,improved,day_ordered,as_attack,mlp,23,2685309,1814691,85,,80.4,0.6379235444224124,0.9264812334646385,0.5899161994898244,0.4100577343725249,0.9448049282219397,0.17995290951900436,0.9907854916662903,0.00012051053935557832
49c5f90a8708,A,binary,2018,improved,day_ordered,as_attack,mlp,37,2685309,1814691,85,,82.4,0.8822158251122172,0.9729619220004934,0.818209409677197,0.7868675688869986,0.9755142886585099,0.6364926615966462,0.9983914347115521,7.384224225215341e-05
cb3393008f69,A,binary,2018,improved,day_ordered,as_attack,mlp,51,2685309,1814691,85,,74.9,0.8588656264821475,0.9680726131607927,0.7894015856670983,0.7486810292489228,0.9716304318476259,0.5788929635007752,0.997850526762356,8.979216657867273e-05
700401c406f1,A,binary,2018,improved,day_ordered,as_attack,mlp,73,2685309,1814691,85,,61.7,0.9410908369604751,0.9859113888324635,0.900742549174314,0.8883151413279265,0.9865977182892294,0.8015636664943844,0.9986406099879392,7.856814575635251e-05
2690a20f37c8,B,binary,2018,label_original,random_70_30,n/a,logreg,11,3203178,1372791,79,,14.3,0.9973495314872083,0.999976655224154,0.9958774711700844,0.9947034850393235,0.9999766898238698,0.9917600527356625,0.9976790450928382,5.110395493557185e-06
50d2d815e799,B,binary,2018,label_original,random_70_30,n/a,logreg,23,3203178,1372791,79,,13.9,0.9976831326916209,0.9999795834327594,0.9967011008682687,0.9953682281642274,0.999979603595886,0.99340804218853,0.9973527465254798,5.840451992589202e-06
65c54deada34,B,binary,2018,label_original,random_70_30,n/a,logreg,37,3203178,1372791,79,,13.4,0.9972671550583674,0.9999759276877658,0.995877106141835,0.9945382525356993,0.9999759613808656,0.9917600527356625,0.9973483592973152,5.840451992589202e-06
348d41e2623b,B,binary,2018,label_original,random_70_30,n/a,logreg,51,3203178,1372791,79,,14.0,0.9970152693902348,0.9999737241006438,0.9950538414719003,0.9940384105807919,0.9999737760518534,0.990112063282795,0.9980066445182725,4.380338994414146e-06
624e01506295,B,binary,2018,label_original,random_70_30,n/a,logreg,73,3203178,1372791,79,,13.4,0.9976015729272123,0.9999788594982255,0.9968651697570563,0.9952042486467385,0.999978875152882,0.9937376400791035,0.996694214876033,7.300564990764258e-06
c2f8fef466a6,B,binary,2018,label_original,random_70_30,n/a,random_forest,11,3203178,1372791,79,,62.0,1.0,1.0,1.0,1.0,1.0,1.0,1.0,0.0
8dabc1d0c1ec,B,binary,2018,label_original,random_70_30,n/a,random_forest,23,3203178,1372791,79,,64.7,1.0,1.0,1.0,1.0,1.0,1.0,1.0,0.0
f87f78455842,B,binary,2018,label_original,random_70_30,n/a,random_forest,37,3203178,1372791,79,,64.3,1.0,1.0,1.0,1.0,1.0,1.0,1.0,0.0
984de1bf334b,B,binary,2018,label_original,random_70_30,n/a,random_forest,51,3203178,1372791,79,,66.3,1.0,1.0,1.0,1.0,1.0,1.0,1.0,0.0
549a5d57cb06,B,binary,2018,label_original,random_70_30,n/a,random_forest,73,3203178,1372791,79,,62.5,0.9999174044317141,0.9999992714970958,0.9998352010547132,0.9998348225052403,0.999999271556996,0.9996704021094265,1.0,0.0
fc9e271061c4,B,binary,2018,label_original,random_70_30,n/a,xgboost,11,3203178,1372791,79,,26.4,1.0,1.0,1.0,1.0,1.0,1.0,1.0,0.0
ec6a54a8803a,B,binary,2018,label_original,random_70_30,n/a,xgboost,23,3203178,1372791,79,,23.9,1.0,1.0,1.0,1.0,1.0,1.0,1.0,0.0
05b02fab135e,B,binary,2018,label_original,random_70_30,n/a,xgboost,37,3203178,1372791,79,,23.6,0.9996697806513699,0.9999970867069484,0.9998341059699647,0.9993396157893035,0.9999970862279837,0.9996704021094265,0.9990118577075099,2.190169497207073e-06
f6ba6a1ddab0,B,binary,2018,label_original,random_70_30,n/a,xgboost,51,3203178,1372791,79,,27.3,0.9990917474930132,0.9999919877856405,0.999173815104069,0.9981835085964522,0.9999919871269553,0.9983520105471325,0.9980230642504119,4.380338994414146e-06
9f2b98d07f18,B,binary,2018,label_original,random_70_30,n/a,xgboost,73,3203178,1372791,79,,23.1,0.9996697806513699,0.9999970867069484,0.9998341059699647,0.9993396157893035,0.9999970862279837,0.9996704021094265,0.9990118577075099,2.190169497207073e-06
d39895d30b5e,B,binary,2018,label_original,random_70_30,n/a,mlp,11,3203178,1372791,79,,54.8,0.9994216407866972,0.9999948996406504,0.9991752752170672,0.998843404309232,0.9999949008989715,0.9983520105471325,0.999340151765094,1.460112998175056e-06
1d846e0423d6,B,binary,2018,label_original,random_70_30,n/a,mlp,23,3203178,1372791,79,,54.9,0.9997521317657274,0.9999978141317072,0.9995056031641397,0.9995043863481541,0.9999978146709878,0.9990112063282794,1.0,0.0
63caace4329c,B,binary,2018,label_original,random_70_30,n/a,mlp,37,3203178,1372791,79,,55.0,0.9993393441058549,0.9999941724559674,0.9993393441058549,0.9986786882117097,0.9999941724559674,0.998681608437706,0.998681608437706,2.9202259962390897e-06
191308a6b599,B,binary,2018,label_original,random_70_30,n/a,mlp,51,3203178,1372791,79,,54.2,0.9980934035337813,0.9999832140080898,0.9962096242584048,0.996194049765308,0.9999832458109064,0.9924192485168095,1.0,0.0
eb86db3351d0,B,binary,2018,label_original,random_70_30,n/a,mlp,73,3203178,1372791,79,,53.7,0.9995040187414703,0.9999956271837835,0.9990112063282794,0.9990085289922288,0.9999956293419756,0.998022412656559,1.0,0.0
a2b93cafed05,B,binary,2018,label_improved,random_70_30,n/a,logreg,11,3203178,1372791,79,,14.3,0.997683895895858,0.9999795834394309,0.9967021868558916,0.9953697532827912,0.999979603595886,0.9934102141680395,0.9973536222295732,5.840456256400728e-06
270382157c17,B,binary,2018,label_improved,random_70_30,n/a,logreg,23,3203178,1372791,79,,13.9,0.9979303454817932,0.9999817634082752,0.9965389023241567,0.9958646360146609,0.9999817889248983,0.9930807248764415,0.998674618952949,2.920228128200364e-06
63479d735b21,B,binary,2018,label_improved,random_70_30,n/a,logreg,37,3203178,1372791,79,,13.9,0.9973512788378477,0.9999766590889326,0.9960432082726955,0.994706047054918,0.9999766898238698,0.9920922570016475,0.997350115932428,5.840456256400728e-06
480153cd1c68,B,binary,2018,label_improved,random_70_30,n/a,logreg,51,3203178,1372791,79,,13.9,0.9966035270570948,0.9999700821088973,0.9948892656950704,0.9932130660448749,0.9999701338368331,0.9897858319604613,0.9966821499668215,7.30057032050091e-06
aef16b2b9e08,B,binary,2018,label_improved,random_70_30,n/a,logreg,73,3203178,1372791,79,,14.0,0.9982626357675561,0.9999846863170849,0.9971978809073527,0.9965275769884955,0.9999847026969145,0.9943986820428337,0.99867637326274,2.920228128200364e-06
b9db7b0a4617,B,binary,2018,label_improved,random_70_30,n/a,random_forest,11,3203178,1372791,79,,74.8,1.0,1.0,1.0,1.0,1.0,1.0,1.0,0.0
555ed0d9d5e6,B,binary,2018,label_improved,random_70_30,n/a,random_forest,23,3203178,1372791,79,,76.3,0.9999174587309397,0.9999992716168566,0.9999996349714839,0.9998349310857625,0.999999271556996,1.0,0.9996706192358367,7.30057032050091e-07
9c11ff05d5aa,B,binary,2018,label_improved,random_70_30,n/a,random_forest,37,3203178,1372791,79,,73.9,1.0,1.0,1.0,1.0,1.0,1.0,1.0,0.0
276002e8f5e5,B,binary,2018,label_improved,random_70_30,n/a,random_forest,51,3203178,1372791,79,,72.3,1.0,1.0,1.0,1.0,1.0,1.0,1.0,0.0
1d2ef97c352b,B,binary,2018,label_improved,random_70_30,n/a,random_forest,73,3203178,1372791,79,,71.8,1.0,1.0,1.0,1.0,1.0,1.0,1.0,0.0
40b9a9924be0,B,binary,2018,label_improved,random_70_30,n/a,xgboost,11,3203178,1372791,79,,22.0,0.9998349445891358,0.9999985433533951,0.999999269942968,0.9996699436469462,0.9999985431139918,1.0,0.9993414553836022,1.460114064100182e-06
d219304bd3fa,B,binary,2018,label_improved,random_70_30,n/a,xgboost,23,3203178,1372791,79,,28.3,0.9997523761928192,0.9999978148505698,0.999834525297169,0.9995047660050425,0.9999978146709878,0.999670510708402,0.9993412384716732,1.460114064100182e-06
54eab7bc1513,B,binary,2018,label_improved,random_70_30,n/a,xgboost,37,3203178,1372791,79,,25.9,0.9999174315902739,0.9999992714971154,0.9998352553542009,0.999834876813391,0.999999271556996,0.999670510708402,1.0,0.0
169aa874ea60,B,binary,2018,label_improved,random_70_30,n/a,xgboost,51,3203178,1372791,79,,22.5,0.999834890325685,0.9999985431139918,0.999834890325685,0.9996697806513699,0.9999985431139918,0.999670510708402,0.999670510708402,7.30057032050091e-07
78fb3bb1e822,B,binary,2018,label_improved,random_70_30,n/a,xgboost,73,3203178,1372791,79,,23.8,0.9997523761928192,0.9999978148505698,0.999834525297169,0.9995047660050425,0.9999978146709878,0.999670510708402,0.9993412384716732,1.460114064100182e-06
0cb282a736b2,B,binary,2018,label_improved,random_70_30,n/a,mlp,11,3203178,1372791,79,,55.1,0.9992571285784576,0.9999934445517097,0.9993391962742239,0.9985142707628821,0.9999934440129634,0.998682042833608,0.9983530961791831,3.650285160250455e-06
3ed297fed5cc,B,binary,2018,label_improved,random_70_30,n/a,mlp,23,3203178,1372791,79,,54.3,0.9995868862762123,0.9999963562869784,0.999176276771005,0.9991741135977261,0.9999963577849796,0.9983525535420099,1.0,0.0
668110c34618,B,binary,2018,label_improved,random_70_30,n/a,mlp,37,3203178,1372791,79,,53.3,0.99950434507431,0.9999956279041318,0.999175911742489,0.9990089083098824,0.9999956293419756,0.9983525535420099,0.999670075882547,7.30057032050091e-07
40c258e0fffe,B,binary,2018,label_improved,random_70_30,n/a,mlp,51,3203178,1372791,79,,53.2,0.9972608314999167,0.9999758958246018,0.9945634266886326,0.9945365875742669,0.9999759613808656,0.9891268533772652,1.0,0.0
990ccd132a83,B,binary,2018,label_improved,random_70_30,n/a,mlp,73,3203178,1372791,79,,53.7,0.9991730923558313,0.9999927095729986,0.9983525535420099,0.9983475500152335,0.9999927155699593,0.9967051070840197,1.0,0.0
ac2acd28a362,A,binary,2017,original,random_70_30,as_attack,mlp,11,1981520,849223,80,,85.7,0.9738074475415273,0.9834003287109503,0.9753047946704209,0.947627922086955,0.983374213840181,0.9619890731287434,0.9539998221642609,0.011379483787901656
d425b1467370,A,binary,2017,original,random_70_30,as_attack,mlp,23,1981520,849223,80,,84.4,0.9756162235890316,0.9845141117146297,0.9791258246731351,0.951303056751963,0.984457557084535,0.970327686587684,0.951719285902735,0.012076037241413706
07b9c8147db3,A,binary,2017,original,random_70_30,as_attack,mlp,37,1981520,849223,80,,83.8,0.9711393157350174,0.9817148434814735,0.9723465924872553,0.9422871740870482,0.9816914991704181,0.956926130046505,0.950472006174672,0.01223294507199435
e383a7393301,A,binary,2017,original,random_70_30,as_attack,mlp,51,1981520,849223,80,,84.6,0.9734008928146822,0.9831126062950043,0.9765887141184405,0.946860477326533,0.9830562761489031,0.9659162910803735,0.948983726707345,0.01273886284349246
206ac1e17865,A,binary,2017,original,random_70_30,as_attack,mlp,73,1981520,849223,80,,85.5,0.9748472597342955,0.9840033501979903,0.9796883933080721,0.9498284116364842,0.9839229507443863,0.9727007543605868,0.9471169236320883,0.013323967744442555
7b22b635cce8,A,binary,2017,original,day_ordered,as_attack,mlp,11,1668530,1162213,80,,72.1,0.6453406213179447,0.7662669192274212,0.6257856061361606,0.4384598039259647,0.8109339682140881,0.25474086261201695,0.9641083638821725,0.003169650339695629
bcc32fd5c9c2,A,binary,2017,original,day_ordered,as_attack,mlp,23,1668530,1162213,80,,70.3,0.639397240027107,0.7625356540283525,0.6215587909180702,0.42683167673437744,0.8082743868808901,0.2473732478300743,0.9510478429093983,0.004255665993933899
63c1e2308f63,A,binary,2017,original,day_ordered,as_attack,mlp,37,1668530,1162213,80,,70.7,0.6554039649782473,0.7723706855033161,0.6330480741571621,0.454119166852783,0.8148549362294175,0.2686998306650775,0.971825036957899,0.002603682350753256
29712be2503a,A,binary,2017,original,day_ordered,as_attack,mlp,51,1668530,1162213,80,,70.9,0.6226597982669414,0.7525810235433563,0.6098573616046267,0.40248578791170786,0.8023150661711752,0.22416440257059342,0.9439390213916892,0.004449679361340109
4a00c0fe026c,A,binary,2017,original,day_ordered,as_attack,mlp,73,1668530,1162213,80,,72.2,0.6428067594170422,0.764848371027476,0.6239675570574197,0.4364713806783341,0.8102722994838295,0.2506053809348799,0.9691048919468168,0.0026702668200405677
593a7193560a,A,binary,2017,improved,random_70_30,as_attack,mlp,11,1469983,629993,85,,63.2,0.9981809138309413,0.9986498482660077,0.9974961510025926,0.9963655011885572,0.9986507786594454,0.9952197805737552,0.9993013733189295,0.00022747856857008308
5c4b92df4ea0,A,binary,2017,improved,random_70_30,as_attack,mlp,23,1469983,629993,85,,63.5,0.9983891237327036,0.9988041550673122,0.9978953259222014,0.99678015519338,0.9988047486241911,0.9961023817346656,0.9990437176123955,0.0003117298902626242
ac0b020a4db6,A,binary,2017,improved,random_70_30,as_attack,mlp,37,1469983,629993,85,,58.4,0.9981387594501043,0.9986183209175228,0.9976268503140961,0.9962795707036949,0.9986190322749617,0.9956707446705707,0.998720508694725,0.00041704404237841164
25beda48b1bf,A,binary,2017,improved,random_70_30,as_attack,mlp,51,1469983,629993,85,,59.3,0.9980650873694344,0.9985639767985808,0.9973135355857108,0.9961346024272358,0.9985650634213395,0.9948461246078223,0.9993269784568393,0.00021905343640082897
b08f0cbefa0a,A,binary,2017,improved,random_70_30,as_attack,mlp,73,1469983,629993,85,,63.9,0.9982645627522974,0.9987118652251227,0.9976326168682716,0.99653225280453,0.9987126841091886,0.995503243720325,0.9992692611130511,0.00023800998378165072
c0ea2c3869de,A,binary,2017,improved,day_ordered,as_attack,mlp,11,1190343,909633,85,,41.8,0.6371206844160635,0.6885847091851022,0.643100717831667,0.44998535786069543,0.7387253980451457,0.286317610695759,0.9992975982052061,0.00011617503242500327
c6ce7d2a4e4a,A,binary,2017,improved,day_ordered,as_attack,mlp,23,1190343,909633,85,,46.1,0.6371352680995569,0.6885995767517641,0.6431150536370596,0.45007626343654755,0.7387451862454418,0.2863116031923873,0.9995071567136791,8.149591826822622e-05
d1e11de0a781,A,binary,2017,improved,day_ordered,as_attack,mlp,37,1190343,909633,85,,44.0,0.6365968185104064,0.6881652267206546,0.6427331743548318,0.4494146298292746,0.7384670520968346,0.28554264276080826,0.9995373583159842,7.629405114473187e-05
3e7d6868a817,A,binary,2017,improved,day_ordered,as_attack,mlp,51,1190343,909633,85,,48.4,0.6415593983001588,0.6921731879658136,0.6462704334414451,0.4555800778772918,0.7410516109244057,0.2926345004911134,0.9994460231644388,9.363360822312039e-05
91282e4a17fc,A,binary,2017,improved,day_ordered,as_attack,mlp,73,1190343,909633,85,,48.8,0.6371829312820974,0.688637914313536,0.643148729803593,0.45013216707665593,0.7387693718235816,0.28638068948116197,0.9994967973246391,8.322987397613169e-05
34cd478145d6,B,binary,2017,label_original,random_70_30,n/a,mlp,11,1123496,481499,80,,47.6,0.9759626198524539,0.9857832621341682,0.9837167816617611,0.9522255708108722,0.9856697521697865,0.9806790819946725,0.9414944107563625,0.013245518671150092
196d7081ec50,B,binary,2017,label_original,random_70_30,n/a,mlp,23,1123496,481499,80,,45.3,0.9760263489437903,0.9857911846809151,0.9857980251396385,0.9525256962168517,0.9856489836946701,0.9860298479684537,0.9369010908849763,0.01443379768917652
d725a740baae,B,binary,2017,label_original,random_70_30,n/a,mlp,37,1123496,481499,80,,47.0,0.9755020513202419,0.9855142313109876,0.9830256862190732,0.9512874538465749,0.9854018388407868,0.9793297584012842,0.9412816958096686,0.013278385963138017
ebb79b7293a0,B,binary,2017,label_original,random_70_30,n/a,mlp,51,1123496,481499,80,,47.0,0.9753529377710025,0.9854447193262126,0.9816467137401524,0.9509052394952895,0.9853499176529962,0.9758866568181553,0.9439562541489924,0.012593229337850453
94599a7069b6,B,binary,2017,label_original,random_70_30,n/a,mlp,73,1123496,481499,80,,47.7,0.9761291514505649,0.9858493411966881,0.9860916161895665,0.9527494427486868,0.985705058577484,0.9866928776652049,0.9366304491851066,0.014509645286071904
0c3f98a5e05b,B,binary,2017,label_original,day_ordered,n/a,mlp,11,891647,713348,80,,38.6,0.5403129071717043,0.703683754728516,0.5586228980140847,0.2977429024260727,0.7769615951821551,0.11782515944090131,0.9856399293614648,0.0005793634127317926
c44ff6217708,B,binary,2017,label_original,day_ordered,n/a,mlp,23,891647,713348,80,,37.7,0.5401193350220861,0.7035749436303661,0.5585137337899561,0.2975235932110719,0.7769139326107314,0.11759183129263794,0.9859791317309484,0.0005643637127257239
62dc6f47e57c,B,binary,2017,label_original,day_ordered,n/a,mlp,37,891647,713348,80,,37.9,0.5405297091111778,0.7038544532134345,0.5587918528386948,0.29925534656107017,0.7771564509888582,0.117941823515033,0.9910835161757154,0.0003581178376432792
48e334007ce4,B,binary,2017,label_original,day_ordered,n/a,mlp,51,891647,713348,80,,34.9,0.5404801388065895,0.703815802727201,0.5587535897459314,0.298918636625768,0.7771129939384424,0.11791404635452546,0.9898796754034138,0.00040686686266278027
6680a0983d6e,B,binary,2017,label_original,day_ordered,n/a,mlp,73,891647,713348,80,,37.1,0.540482813207372,0.7037415868601647,0.5586827922976884,0.29696623332927263,0.7768943068460274,0.11814181907068731,0.9809040590405904,0.0007762344753104999
985b07141b51,B,binary,2017,label_improved,random_70_30,n/a,mlp,11,1123496,481499,80,,47.9,0.9982035628299286,0.998770652989475,0.9983225240184914,0.9964072156881763,0.9987705062731179,0.9975252922715162,0.9968636591906156,0.0008802442345332562
bfa9255c0572,B,binary,2017,label_improved,random_70_30,n/a,mlp,23,1123496,481499,80,,47.2,0.998128611930046,0.9987190499026102,0.9984905397413772,0.9962580565371705,0.9987185850853273,0.9980847089610968,0.9960730507191522,0.001103629478342305
642fc3eb8f92,B,binary,2017,label_improved,random_70_30,n/a,mlp,37,1123496,481499,80,,47.3,0.9980641596011781,0.9986751926068025,0.9982306587032617,0.9961284955917804,0.9986749712875832,0.9974399575222581,0.996513996116137,0.0009786401157347857
501e4244eb14,B,binary,2017,label_improved,random_70_30,n/a,mlp,51,1123496,481499,80,,46.4,0.9983820755085437,0.9988929930679102,0.998339574172646,0.9967641625104353,0.9988930402763038,0.9973546227730001,0.9975910927334459,0.0006754744277083224
679351742048,B,binary,2017,label_improved,random_70_30,n/a,mlp,73,1123496,481499,80,,46.8,0.9984946305847195,0.9989699222808338,0.99853204021723,0.9969892700683561,0.9989698836342339,0.9977528516028711,0.9975447677008977,0.0006887711684111508
fabaf6123679,B,binary,2017,label_improved,day_ordered,n/a,mlp,11,891647,713348,80,,37.1,0.5121528154821716,0.6066414622918505,0.5589030364637415,0.2819286145138075,0.6973608953834594,0.11843961481057431,0.989850317818331,0.000633541883091282
f07955515a6a,B,binary,2017,label_improved,day_ordered,n/a,mlp,23,891647,713348,80,,36.4,0.5135415705060444,0.6076941404365683,0.5597203069351991,0.28438881299950375,0.6979594812069284,0.11995256690723968,0.9918850380388842,0.0005119530368413727
90b33f3880ae,B,binary,2017,label_improved,day_ordered,n/a,mlp,37,891647,713348,80,,36.6,0.5111995172998276,0.6059292373912709,0.5583642585416404,0.28055518571763466,0.6969908095347572,0.11736419210402568,0.9897241379310345,0.000635675020744797
028a2e4aee67,B,binary,2017,label_improved,day_ordered,n/a,mlp,51,891647,713348,80,,36.6,0.5111402405463922,0.6058976051657893,0.5583571404404077,0.2808690267040168,0.6970174445011411,0.1172496984318456,0.9913223854796889,0.0005354175510300374
7b38ee5c5f25,B,binary,2017,label_improved,day_ordered,n/a,mlp,73,891647,713348,80,,36.8,0.5138873906982167,0.6079683155102579,0.5599488414146666,0.285375567907672,0.6981557388539675,0.12028378074461778,0.9938845153224989,0.0003860979152845445
